age,patients,claims,physicians,week,state,elective
18-29,4,6,2,2019-01-04,VA,CHOLECYSTECTOMY
18-29,5,5,2,2019-01-04,VA,CYSTOSCOPY
18-29,2,2,1,2019-01-04,VA,HYSTEROSCOPY
18-29,1,1,1,2019-01-04,VA,MASTECTOMY
30-39,7,14,2,2019-01-04,VA,CHOLECYSTECTOMY
30-39,10,11,2,2019-01-04,VA,HYSTEROSCOPY
30-39,2,4,1,2019-01-04,VA,MASTECTOMY
40-49,4,5,4,2019-01-04,VA,CATARACT
40-49,10,13,3,2019-01-04,VA,CHOLECYSTECTOMY
40-49,12,13,4,2019-01-04,VA,CYSTOSCOPY
40-49,2,4,1,2019-01-04,VA,HIP REPLACEMENT
40-49,2,2,2,2019-01-04,VA,HYSTEROSCOPY
40-49,3,6,3,2019-01-04,VA,MASTECTOMY
50-64,48,62,6,2019-01-04,VA,CATARACT
50-64,11,12,2,2019-01-04,VA,CHOLECYSTECTOMY
50-64,33,35,9,2019-01-04,VA,CYSTOSCOPY
50-64,11,15,3,2019-01-04,VA,HIP REPLACEMENT
50-64,9,10,4,2019-01-04,VA,HYSTEROSCOPY
50-64,13,19,5,2019-01-04,VA,KNEE REPLACEMENT
50-64,6,8,1,2019-01-04,VA,MASTECTOMY
50-64,5,6,2,2019-01-04,VA,PROSTATECTOMY
65+,192,260,12,2019-01-04,VA,CATARACT
65+,20,23,2,2019-01-04,VA,CHOLECYSTECTOMY
65+,49,56,4,2019-01-04,VA,CYSTOSCOPY
65+,12,17,3,2019-01-04,VA,HIP REPLACEMENT
65+,4,5,1,2019-01-04,VA,HYSTEROSCOPY
65+,31,45,4,2019-01-04,VA,KNEE REPLACEMENT
65+,13,14,1,2019-01-04,VA,MASTECTOMY
65+,1,1,1,2019-01-04,VA,PROSTATECTOMY
18-29,2,3,2,2019-01-11,VA,CATARACT
18-29,32,41,4,2019-01-11,VA,CHOLECYSTECTOMY
18-29,7,7,2,2019-01-11,VA,CYSTOSCOPY
18-29,2,2,1,2019-01-11,VA,HIP REPLACEMENT
18-29,11,11,3,2019-01-11,VA,HYSTEROSCOPY
18-29,3,3,1,2019-01-11,VA,MASTECTOMY
30-39,2,2,2,2019-01-11,VA,CATARACT
30-39,27,37,4,2019-01-11,VA,CHOLECYSTECTOMY
30-39,11,11,2,2019-01-11,VA,CYSTOSCOPY
30-39,23,27,7,2019-01-11,VA,HYSTEROSCOPY
30-39,5,6,0,2019-01-11,VA,MASTECTOMY
40-49,6,6,3,2019-01-11,VA,CATARACT
40-49,23,29,4,2019-01-11,VA,CHOLECYSTECTOMY
40-49,23,26,7,2019-01-11,VA,CYSTOSCOPY
40-49,8,10,4,2019-01-11,VA,HIP REPLACEMENT
40-49,21,24,3,2019-01-11,VA,HYSTEROSCOPY
40-49,2,3,1,2019-01-11,VA,KNEE REPLACEMENT
40-49,16,25,3,2019-01-11,VA,MASTECTOMY
40-49,1,1,1,2019-01-11,VA,PROSTATECTOMY
50-64,87,109,11,2019-01-11,VA,CATARACT
50-64,30,42,4,2019-01-11,VA,CHOLECYSTECTOMY
50-64,71,74,7,2019-01-11,VA,CYSTOSCOPY
50-64,26,38,5,2019-01-11,VA,HIP REPLACEMENT
50-64,31,40,5,2019-01-11,VA,HYSTEROSCOPY
50-64,34,49,5,2019-01-11,VA,KNEE REPLACEMENT
50-64,25,35,5,2019-01-11,VA,MASTECTOMY
50-64,8,10,3,2019-01-11,VA,PROSTATECTOMY
65+,521,656,17,2019-01-11,VA,CATARACT
65+,28,35,1,2019-01-11,VA,CHOLECYSTECTOMY
65+,173,184,9,2019-01-11,VA,CYSTOSCOPY
65+,29,40,8,2019-01-11,VA,HIP REPLACEMENT
65+,5,7,1,2019-01-11,VA,HYSTEROSCOPY
65+,101,147,7,2019-01-11,VA,KNEE REPLACEMENT
65+,35,44,4,2019-01-11,VA,MASTECTOMY
65+,8,13,1,2019-01-11,VA,PROSTATECTOMY
18-29,20,30,4,2019-01-18,VA,CHOLECYSTECTOMY
18-29,5,5,2,2019-01-18,VA,CYSTOSCOPY
18-29,4,4,1,2019-01-18,VA,HYSTEROSCOPY
18-29,2,2,2,2019-01-18,VA,MASTECTOMY
30-39,6,7,2,2019-01-18,VA,CATARACT
30-39,26,32,3,2019-01-18,VA,CHOLECYSTECTOMY
30-39,13,13,3,2019-01-18,VA,CYSTOSCOPY
30-39,3,4,1,2019-01-18,VA,HIP REPLACEMENT
30-39,30,34,5,2019-01-18,VA,HYSTEROSCOPY
30-39,10,15,3,2019-01-18,VA,MASTECTOMY
40-49,5,6,3,2019-01-18,VA,CATARACT
40-49,28,36,4,2019-01-18,VA,CHOLECYSTECTOMY
40-49,24,26,5,2019-01-18,VA,CYSTOSCOPY
40-49,3,6,2,2019-01-18,VA,HIP REPLACEMENT
40-49,31,36,4,2019-01-18,VA,HYSTEROSCOPY
40-49,3,3,3,2019-01-18,VA,KNEE REPLACEMENT
40-49,14,15,2,2019-01-18,VA,MASTECTOMY
50-64,112,147,15,2019-01-18,VA,CATARACT
50-64,55,73,8,2019-01-18,VA,CHOLECYSTECTOMY
50-64,77,81,6,2019-01-18,VA,CYSTOSCOPY
50-64,23,33,4,2019-01-18,VA,HIP REPLACEMENT
50-64,39,49,6,2019-01-18,VA,HYSTEROSCOPY
50-64,53,81,9,2019-01-18,VA,KNEE REPLACEMENT
50-64,22,29,3,2019-01-18,VA,MASTECTOMY
50-64,7,7,1,2019-01-18,VA,PROSTATECTOMY
65+,3,3,1,2019-01-18,VA,CABG
65+,524,686,20,2019-01-18,VA,CATARACT
65+,44,50,3,2019-01-18,VA,CHOLECYSTECTOMY
65+,186,194,11,2019-01-18,VA,CYSTOSCOPY
65+,33,44,3,2019-01-18,VA,HIP REPLACEMENT
65+,18,20,2,2019-01-18,VA,HYSTEROSCOPY
65+,112,141,8,2019-01-18,VA,KNEE REPLACEMENT
65+,38,46,4,2019-01-18,VA,MASTECTOMY
65+,6,9,2,2019-01-18,VA,PROSTATECTOMY
18-29,20,26,6,2019-01-25,VA,CHOLECYSTECTOMY
18-29,8,11,2,2019-01-25,VA,CYSTOSCOPY
18-29,3,3,1,2019-01-25,VA,HYSTEROSCOPY
30-39,1,1,1,2019-01-25,VA,CATARACT
30-39,38,42,4,2019-01-25,VA,CHOLECYSTECTOMY
30-39,13,17,3,2019-01-25,VA,CYSTOSCOPY
30-39,2,4,3,2019-01-25,VA,HIP REPLACEMENT
30-39,22,28,7,2019-01-25,VA,HYSTEROSCOPY
30-39,2,2,1,2019-01-25,VA,MASTECTOMY
40-49,9,12,2,2019-01-25,VA,CATARACT
40-49,25,29,3,2019-01-25,VA,CHOLECYSTECTOMY
40-49,17,19,7,2019-01-25,VA,CYSTOSCOPY
40-49,6,9,3,2019-01-25,VA,HIP REPLACEMENT
40-49,39,48,6,2019-01-25,VA,HYSTEROSCOPY
40-49,6,8,2,2019-01-25,VA,KNEE REPLACEMENT
40-49,13,18,4,2019-01-25,VA,MASTECTOMY
50-64,106,128,19,2019-01-25,VA,CATARACT
50-64,42,57,5,2019-01-25,VA,CHOLECYSTECTOMY
50-64,79,85,6,2019-01-25,VA,CYSTOSCOPY
50-64,30,47,9,2019-01-25,VA,HIP REPLACEMENT
50-64,41,54,13,2019-01-25,VA,HYSTEROSCOPY
50-64,27,44,7,2019-01-25,VA,KNEE REPLACEMENT
50-64,33,44,5,2019-01-25,VA,MASTECTOMY
50-64,5,7,3,2019-01-25,VA,PROSTATECTOMY
65+,451,567,24,2019-01-25,VA,CATARACT
65+,37,43,3,2019-01-25,VA,CHOLECYSTECTOMY
65+,168,179,9,2019-01-25,VA,CYSTOSCOPY
65+,42,59,10,2019-01-25,VA,HIP REPLACEMENT
65+,8,10,2,2019-01-25,VA,HYSTEROSCOPY
65+,81,116,8,2019-01-25,VA,KNEE REPLACEMENT
65+,42,55,4,2019-01-25,VA,MASTECTOMY
65+,7,8,2,2019-01-25,VA,PROSTATECTOMY
18-29,13,17,4,2019-02-01,VA,CHOLECYSTECTOMY
18-29,8,8,2,2019-02-01,VA,CYSTOSCOPY
18-29,9,11,2,2019-02-01,VA,HYSTEROSCOPY
30-39,1,1,1,2019-02-01,VA,CATARACT
30-39,42,53,4,2019-02-01,VA,CHOLECYSTECTOMY
30-39,12,14,3,2019-02-01,VA,CYSTOSCOPY
30-39,28,35,5,2019-02-01,VA,HYSTEROSCOPY
30-39,1,2,1,2019-02-01,VA,MASTECTOMY
40-49,7,8,2,2019-02-01,VA,CATARACT
40-49,22,25,3,2019-02-01,VA,CHOLECYSTECTOMY
40-49,24,24,5,2019-02-01,VA,CYSTOSCOPY
40-49,4,4,1,2019-02-01,VA,HIP REPLACEMENT
40-49,25,32,5,2019-02-01,VA,HYSTEROSCOPY
40-49,4,7,2,2019-02-01,VA,KNEE REPLACEMENT
40-49,12,16,4,2019-02-01,VA,MASTECTOMY
50-64,2,3,2,2019-02-01,VA,CABG
50-64,105,132,11,2019-02-01,VA,CATARACT
50-64,46,58,6,2019-02-01,VA,CHOLECYSTECTOMY
50-64,76,84,7,2019-02-01,VA,CYSTOSCOPY
50-64,24,39,9,2019-02-01,VA,HIP REPLACEMENT
50-64,39,48,6,2019-02-01,VA,HYSTEROSCOPY
50-64,44,60,6,2019-02-01,VA,KNEE REPLACEMENT
50-64,35,47,3,2019-02-01,VA,MASTECTOMY
50-64,11,13,2,2019-02-01,VA,PROSTATECTOMY
65+,1,2,1,2019-02-01,VA,CABG
65+,498,627,23,2019-02-01,VA,CATARACT
65+,26,33,2,2019-02-01,VA,CHOLECYSTECTOMY
65+,147,160,8,2019-02-01,VA,CYSTOSCOPY
65+,41,57,7,2019-02-01,VA,HIP REPLACEMENT
65+,17,18,3,2019-02-01,VA,HYSTEROSCOPY
65+,94,130,9,2019-02-01,VA,KNEE REPLACEMENT
65+,32,42,2,2019-02-01,VA,MASTECTOMY
65+,2,2,2,2019-02-01,VA,PROSTATECTOMY
18-29,17,25,3,2019-02-08,VA,CHOLECYSTECTOMY
18-29,4,5,1,2019-02-08,VA,CYSTOSCOPY
18-29,6,7,3,2019-02-08,VA,HYSTEROSCOPY
18-29,1,1,0,2019-02-08,VA,MASTECTOMY
30-39,2,3,2,2019-02-08,VA,CATARACT
30-39,31,47,5,2019-02-08,VA,CHOLECYSTECTOMY
30-39,10,10,3,2019-02-08,VA,CYSTOSCOPY
30-39,1,3,1,2019-02-08,VA,HIP REPLACEMENT
30-39,34,40,6,2019-02-08,VA,HYSTEROSCOPY
30-39,1,1,1,2019-02-08,VA,KNEE REPLACEMENT
40-49,8,11,3,2019-02-08,VA,CATARACT
40-49,26,32,5,2019-02-08,VA,CHOLECYSTECTOMY
40-49,23,25,10,2019-02-08,VA,CYSTOSCOPY
40-49,6,10,4,2019-02-08,VA,HIP REPLACEMENT
40-49,23,32,11,2019-02-08,VA,HYSTEROSCOPY
40-49,8,11,3,2019-02-08,VA,KNEE REPLACEMENT
40-49,12,15,5,2019-02-08,VA,MASTECTOMY
40-49,2,3,1,2019-02-08,VA,PROSTATECTOMY
50-64,113,143,16,2019-02-08,VA,CATARACT
50-64,47,61,4,2019-02-08,VA,CHOLECYSTECTOMY
50-64,82,91,9,2019-02-08,VA,CYSTOSCOPY
50-64,26,40,6,2019-02-08,VA,HIP REPLACEMENT
50-64,33,41,7,2019-02-08,VA,HYSTEROSCOPY
50-64,48,65,8,2019-02-08,VA,KNEE REPLACEMENT
50-64,38,52,4,2019-02-08,VA,MASTECTOMY
50-64,6,10,3,2019-02-08,VA,PROSTATECTOMY
65+,1,2,2,2019-02-08,VA,CABG
65+,492,628,20,2019-02-08,VA,CATARACT
65+,37,48,3,2019-02-08,VA,CHOLECYSTECTOMY
65+,176,203,8,2019-02-08,VA,CYSTOSCOPY
65+,29,40,5,2019-02-08,VA,HIP REPLACEMENT
65+,16,21,2,2019-02-08,VA,HYSTEROSCOPY
65+,78,111,9,2019-02-08,VA,KNEE REPLACEMENT
65+,44,52,3,2019-02-08,VA,MASTECTOMY
65+,15,25,3,2019-02-08,VA,PROSTATECTOMY
18-29,26,35,5,2019-02-15,VA,CHOLECYSTECTOMY
18-29,3,4,1,2019-02-15,VA,CYSTOSCOPY
18-29,9,12,2,2019-02-15,VA,HYSTEROSCOPY
18-29,2,2,2,2019-02-15,VA,MASTECTOMY
30-39,3,5,3,2019-02-15,VA,CATARACT
30-39,27,34,3,2019-02-15,VA,CHOLECYSTECTOMY
30-39,17,19,4,2019-02-15,VA,CYSTOSCOPY
30-39,1,1,1,2019-02-15,VA,HIP REPLACEMENT
30-39,30,35,4,2019-02-15,VA,HYSTEROSCOPY
30-39,5,5,1,2019-02-15,VA,MASTECTOMY
40-49,9,10,9,2019-02-15,VA,CATARACT
40-49,27,31,4,2019-02-15,VA,CHOLECYSTECTOMY
40-49,20,22,4,2019-02-15,VA,CYSTOSCOPY
40-49,7,9,2,2019-02-15,VA,HIP REPLACEMENT
40-49,34,40,8,2019-02-15,VA,HYSTEROSCOPY
40-49,5,8,3,2019-02-15,VA,KNEE REPLACEMENT
40-49,9,18,4,2019-02-15,VA,MASTECTOMY
40-49,1,1,1,2019-02-15,VA,PROSTATECTOMY
50-64,140,179,16,2019-02-15,VA,CATARACT
50-64,57,75,6,2019-02-15,VA,CHOLECYSTECTOMY
50-64,68,78,6,2019-02-15,VA,CYSTOSCOPY
50-64,28,38,6,2019-02-15,VA,HIP REPLACEMENT
50-64,36,43,6,2019-02-15,VA,HYSTEROSCOPY
50-64,40,64,8,2019-02-15,VA,KNEE REPLACEMENT
50-64,40,52,6,2019-02-15,VA,MASTECTOMY
50-64,5,6,2,2019-02-15,VA,PROSTATECTOMY
65+,501,640,16,2019-02-15,VA,CATARACT
65+,34,46,2,2019-02-15,VA,CHOLECYSTECTOMY
65+,186,199,11,2019-02-15,VA,CYSTOSCOPY
65+,35,45,4,2019-02-15,VA,HIP REPLACEMENT
65+,14,15,3,2019-02-15,VA,HYSTEROSCOPY
65+,78,107,10,2019-02-15,VA,KNEE REPLACEMENT
65+,36,49,3,2019-02-15,VA,MASTECTOMY
65+,6,6,2,2019-02-15,VA,PROSTATECTOMY
18-29,2,2,1,2019-02-22,VA,CATARACT
18-29,21,24,4,2019-02-22,VA,CHOLECYSTECTOMY
18-29,2,2,1,2019-02-22,VA,CYSTOSCOPY
18-29,7,8,3,2019-02-22,VA,HYSTEROSCOPY
18-29,2,3,2,2019-02-22,VA,MASTECTOMY
30-39,1,1,1,2019-02-22,VA,CATARACT
30-39,28,38,5,2019-02-22,VA,CHOLECYSTECTOMY
30-39,13,15,6,2019-02-22,VA,CYSTOSCOPY
30-39,38,47,5,2019-02-22,VA,HYSTEROSCOPY
30-39,6,10,6,2019-02-22,VA,MASTECTOMY
40-49,5,6,5,2019-02-22,VA,CATARACT
40-49,25,31,4,2019-02-22,VA,CHOLECYSTECTOMY
40-49,13,14,2,2019-02-22,VA,CYSTOSCOPY
40-49,6,7,1,2019-02-22,VA,HIP REPLACEMENT
40-49,30,36,6,2019-02-22,VA,HYSTEROSCOPY
40-49,2,5,1,2019-02-22,VA,KNEE REPLACEMENT
40-49,18,22,2,2019-02-22,VA,MASTECTOMY
50-64,1,1,1,2019-02-22,VA,CABG
50-64,134,178,18,2019-02-22,VA,CATARACT
50-64,50,62,5,2019-02-22,VA,CHOLECYSTECTOMY
50-64,71,75,7,2019-02-22,VA,CYSTOSCOPY
50-64,26,36,10,2019-02-22,VA,HIP REPLACEMENT
50-64,48,56,10,2019-02-22,VA,HYSTEROSCOPY
50-64,42,68,6,2019-02-22,VA,KNEE REPLACEMENT
50-64,32,39,5,2019-02-22,VA,MASTECTOMY
50-64,6,9,3,2019-02-22,VA,PROSTATECTOMY
65+,1,1,1,2019-02-22,VA,CABG
65+,468,608,18,2019-02-22,VA,CATARACT
65+,35,42,3,2019-02-22,VA,CHOLECYSTECTOMY
65+,129,138,9,2019-02-22,VA,CYSTOSCOPY
65+,38,52,4,2019-02-22,VA,HIP REPLACEMENT
65+,21,25,4,2019-02-22,VA,HYSTEROSCOPY
65+,77,110,7,2019-02-22,VA,KNEE REPLACEMENT
65+,34,44,4,2019-02-22,VA,MASTECTOMY
65+,5,5,1,2019-02-22,VA,PROSTATECTOMY
18-29,18,24,6,2019-03-01,VA,CHOLECYSTECTOMY
18-29,3,8,1,2019-03-01,VA,CYSTOSCOPY
18-29,11,13,4,2019-03-01,VA,HYSTEROSCOPY
18-29,2,2,1,2019-03-01,VA,MASTECTOMY
30-39,1,1,1,2019-03-01,VA,CATARACT
30-39,16,17,1,2019-03-01,VA,CHOLECYSTECTOMY
30-39,13,13,5,2019-03-01,VA,CYSTOSCOPY
30-39,1,1,1,2019-03-01,VA,HIP REPLACEMENT
30-39,28,33,5,2019-03-01,VA,HYSTEROSCOPY
30-39,1,1,1,2019-03-01,VA,MASTECTOMY
40-49,8,11,4,2019-03-01,VA,CATARACT
40-49,26,35,8,2019-03-01,VA,CHOLECYSTECTOMY
40-49,27,29,4,2019-03-01,VA,CYSTOSCOPY
40-49,2,3,2,2019-03-01,VA,HIP REPLACEMENT
40-49,25,32,6,2019-03-01,VA,HYSTEROSCOPY
40-49,3,4,1,2019-03-01,VA,KNEE REPLACEMENT
40-49,11,16,2,2019-03-01,VA,MASTECTOMY
50-64,139,167,14,2019-03-01,VA,CATARACT
50-64,44,54,5,2019-03-01,VA,CHOLECYSTECTOMY
50-64,75,80,8,2019-03-01,VA,CYSTOSCOPY
50-64,27,40,9,2019-03-01,VA,HIP REPLACEMENT
50-64,36,40,7,2019-03-01,VA,HYSTEROSCOPY
50-64,50,70,6,2019-03-01,VA,KNEE REPLACEMENT
50-64,31,39,5,2019-03-01,VA,MASTECTOMY
50-64,2,4,2,2019-03-01,VA,PROSTATECTOMY
65+,1,1,1,2019-03-01,VA,CABG
65+,537,670,17,2019-03-01,VA,CATARACT
65+,29,36,2,2019-03-01,VA,CHOLECYSTECTOMY
65+,175,188,10,2019-03-01,VA,CYSTOSCOPY
65+,41,57,8,2019-03-01,VA,HIP REPLACEMENT
65+,20,25,6,2019-03-01,VA,HYSTEROSCOPY
65+,86,125,10,2019-03-01,VA,KNEE REPLACEMENT
65+,38,46,3,2019-03-01,VA,MASTECTOMY
65+,5,7,3,2019-03-01,VA,PROSTATECTOMY
18-29,2,4,2,2019-03-08,VA,CATARACT
18-29,22,29,3,2019-03-08,VA,CHOLECYSTECTOMY
18-29,5,8,1,2019-03-08,VA,CYSTOSCOPY
18-29,2,2,1,2019-03-08,VA,HYSTEROSCOPY
18-29,7,8,2,2019-03-08,VA,MASTECTOMY
30-39,35,50,3,2019-03-08,VA,CHOLECYSTECTOMY
30-39,9,10,2,2019-03-08,VA,CYSTOSCOPY
30-39,1,3,1,2019-03-08,VA,HIP REPLACEMENT
30-39,16,20,4,2019-03-08,VA,HYSTEROSCOPY
30-39,2,2,2,2019-03-08,VA,MASTECTOMY
40-49,12,18,6,2019-03-08,VA,CATARACT
40-49,28,34,3,2019-03-08,VA,CHOLECYSTECTOMY
40-49,20,20,3,2019-03-08,VA,CYSTOSCOPY
40-49,2,3,2,2019-03-08,VA,HIP REPLACEMENT
40-49,28,34,7,2019-03-08,VA,HYSTEROSCOPY
40-49,13,19,3,2019-03-08,VA,MASTECTOMY
40-49,1,2,1,2019-03-08,VA,PROSTATECTOMY
50-64,135,165,13,2019-03-08,VA,CATARACT
50-64,38,48,6,2019-03-08,VA,CHOLECYSTECTOMY
50-64,83,95,7,2019-03-08,VA,CYSTOSCOPY
50-64,27,44,5,2019-03-08,VA,HIP REPLACEMENT
50-64,36,45,11,2019-03-08,VA,HYSTEROSCOPY
50-64,38,58,8,2019-03-08,VA,KNEE REPLACEMENT
50-64,32,45,5,2019-03-08,VA,MASTECTOMY
50-64,10,12,3,2019-03-08,VA,PROSTATECTOMY
65+,2,2,2,2019-03-08,VA,CABG
65+,574,730,18,2019-03-08,VA,CATARACT
65+,41,53,2,2019-03-08,VA,CHOLECYSTECTOMY
65+,159,175,8,2019-03-08,VA,CYSTOSCOPY
65+,30,44,4,2019-03-08,VA,HIP REPLACEMENT
65+,11,15,3,2019-03-08,VA,HYSTEROSCOPY
65+,78,109,8,2019-03-08,VA,KNEE REPLACEMENT
65+,40,44,2,2019-03-08,VA,MASTECTOMY
65+,7,10,1,2019-03-08,VA,PROSTATECTOMY
18-29,1,2,1,2019-03-15,VA,CATARACT
18-29,15,19,3,2019-03-15,VA,CHOLECYSTECTOMY
18-29,6,6,3,2019-03-15,VA,CYSTOSCOPY
18-29,15,19,4,2019-03-15,VA,HYSTEROSCOPY
18-29,1,2,1,2019-03-15,VA,MASTECTOMY
30-39,1,1,1,2019-03-15,VA,CATARACT
30-39,23,33,4,2019-03-15,VA,CHOLECYSTECTOMY
30-39,13,14,2,2019-03-15,VA,CYSTOSCOPY
30-39,3,5,1,2019-03-15,VA,HIP REPLACEMENT
30-39,29,30,6,2019-03-15,VA,HYSTEROSCOPY
30-39,4,7,1,2019-03-15,VA,MASTECTOMY
40-49,7,7,3,2019-03-15,VA,CATARACT
40-49,32,42,5,2019-03-15,VA,CHOLECYSTECTOMY
40-49,23,26,5,2019-03-15,VA,CYSTOSCOPY
40-49,3,5,2,2019-03-15,VA,HIP REPLACEMENT
40-49,31,36,4,2019-03-15,VA,HYSTEROSCOPY
40-49,1,2,0,2019-03-15,VA,KNEE REPLACEMENT
40-49,10,11,3,2019-03-15,VA,MASTECTOMY
50-64,121,155,11,2019-03-15,VA,CATARACT
50-64,55,64,6,2019-03-15,VA,CHOLECYSTECTOMY
50-64,58,63,8,2019-03-15,VA,CYSTOSCOPY
50-64,21,34,7,2019-03-15,VA,HIP REPLACEMENT
50-64,45,53,6,2019-03-15,VA,HYSTEROSCOPY
50-64,36,60,5,2019-03-15,VA,KNEE REPLACEMENT
50-64,38,52,5,2019-03-15,VA,MASTECTOMY
50-64,8,13,2,2019-03-15,VA,PROSTATECTOMY
65+,1,4,2,2019-03-15,VA,CABG
65+,517,646,18,2019-03-15,VA,CATARACT
65+,28,34,2,2019-03-15,VA,CHOLECYSTECTOMY
65+,147,161,8,2019-03-15,VA,CYSTOSCOPY
65+,33,43,6,2019-03-15,VA,HIP REPLACEMENT
65+,19,23,3,2019-03-15,VA,HYSTEROSCOPY
65+,62,91,8,2019-03-15,VA,KNEE REPLACEMENT
65+,35,41,4,2019-03-15,VA,MASTECTOMY
65+,2,4,1,2019-03-15,VA,PROSTATECTOMY
18-29,3,5,1,2019-03-22,VA,CATARACT
18-29,21,28,2,2019-03-22,VA,CHOLECYSTECTOMY
18-29,5,5,2,2019-03-22,VA,CYSTOSCOPY
18-29,14,16,5,2019-03-22,VA,HYSTEROSCOPY
18-29,1,1,1,2019-03-22,VA,MASTECTOMY
30-39,2,2,2,2019-03-22,VA,CATARACT
30-39,32,45,7,2019-03-22,VA,CHOLECYSTECTOMY
30-39,12,12,3,2019-03-22,VA,CYSTOSCOPY
30-39,28,35,4,2019-03-22,VA,HYSTEROSCOPY
30-39,2,3,2,2019-03-22,VA,MASTECTOMY
40-49,8,11,7,2019-03-22,VA,CATARACT
40-49,30,43,3,2019-03-22,VA,CHOLECYSTECTOMY
40-49,22,25,2,2019-03-22,VA,CYSTOSCOPY
40-49,6,8,3,2019-03-22,VA,HIP REPLACEMENT
40-49,36,40,8,2019-03-22,VA,HYSTEROSCOPY
40-49,2,3,0,2019-03-22,VA,KNEE REPLACEMENT
40-49,12,17,3,2019-03-22,VA,MASTECTOMY
40-49,1,1,1,2019-03-22,VA,PROSTATECTOMY
50-64,148,191,19,2019-03-22,VA,CATARACT
50-64,59,73,5,2019-03-22,VA,CHOLECYSTECTOMY
50-64,84,94,8,2019-03-22,VA,CYSTOSCOPY
50-64,28,36,11,2019-03-22,VA,HIP REPLACEMENT
50-64,42,51,6,2019-03-22,VA,HYSTEROSCOPY
50-64,41,61,11,2019-03-22,VA,KNEE REPLACEMENT
50-64,31,42,10,2019-03-22,VA,MASTECTOMY
50-64,12,14,5,2019-03-22,VA,PROSTATECTOMY
65+,1,1,1,2019-03-22,VA,CABG
65+,553,705,18,2019-03-22,VA,CATARACT
65+,34,38,2,2019-03-22,VA,CHOLECYSTECTOMY
65+,177,193,9,2019-03-22,VA,CYSTOSCOPY
65+,33,42,8,2019-03-22,VA,HIP REPLACEMENT
65+,13,16,4,2019-03-22,VA,HYSTEROSCOPY
65+,87,119,6,2019-03-22,VA,KNEE REPLACEMENT
65+,28,44,2,2019-03-22,VA,MASTECTOMY
65+,2,2,2,2019-03-22,VA,PROSTATECTOMY
18-29,1,1,1,2019-03-29,VA,CATARACT
18-29,18,21,3,2019-03-29,VA,CHOLECYSTECTOMY
18-29,7,7,3,2019-03-29,VA,CYSTOSCOPY
18-29,1,4,2,2019-03-29,VA,HIP REPLACEMENT
18-29,11,12,5,2019-03-29,VA,HYSTEROSCOPY
30-39,1,1,1,2019-03-29,VA,CATARACT
30-39,23,28,7,2019-03-29,VA,CHOLECYSTECTOMY
30-39,17,18,4,2019-03-29,VA,CYSTOSCOPY
30-39,2,2,1,2019-03-29,VA,HIP REPLACEMENT
30-39,31,37,5,2019-03-29,VA,HYSTEROSCOPY
30-39,4,5,1,2019-03-29,VA,MASTECTOMY
40-49,5,7,5,2019-03-29,VA,CATARACT
40-49,33,39,4,2019-03-29,VA,CHOLECYSTECTOMY
40-49,27,28,6,2019-03-29,VA,CYSTOSCOPY
40-49,6,12,2,2019-03-29,VA,HIP REPLACEMENT
40-49,32,42,9,2019-03-29,VA,HYSTEROSCOPY
40-49,15,17,4,2019-03-29,VA,MASTECTOMY
50-64,100,136,14,2019-03-29,VA,CATARACT
50-64,46,56,5,2019-03-29,VA,CHOLECYSTECTOMY
50-64,97,109,10,2019-03-29,VA,CYSTOSCOPY
50-64,22,28,6,2019-03-29,VA,HIP REPLACEMENT
50-64,45,56,7,2019-03-29,VA,HYSTEROSCOPY
50-64,42,65,6,2019-03-29,VA,KNEE REPLACEMENT
50-64,27,31,3,2019-03-29,VA,MASTECTOMY
50-64,7,7,2,2019-03-29,VA,PROSTATECTOMY
65+,496,652,21,2019-03-29,VA,CATARACT
65+,28,35,2,2019-03-29,VA,CHOLECYSTECTOMY
65+,141,152,13,2019-03-29,VA,CYSTOSCOPY
65+,35,47,5,2019-03-29,VA,HIP REPLACEMENT
65+,17,21,4,2019-03-29,VA,HYSTEROSCOPY
65+,74,89,5,2019-03-29,VA,KNEE REPLACEMENT
65+,46,52,3,2019-03-29,VA,MASTECTOMY
65+,6,8,5,2019-03-29,VA,PROSTATECTOMY
18-29,1,1,1,2019-04-05,VA,CABG
18-29,1,1,1,2019-04-05,VA,CATARACT
18-29,24,26,4,2019-04-05,VA,CHOLECYSTECTOMY
18-29,8,8,2,2019-04-05,VA,CYSTOSCOPY
18-29,12,14,2,2019-04-05,VA,HYSTEROSCOPY
18-29,1,1,1,2019-04-05,VA,MASTECTOMY
30-39,3,3,0,2019-04-05,VA,CATARACT
30-39,34,50,4,2019-04-05,VA,CHOLECYSTECTOMY
30-39,5,6,2,2019-04-05,VA,CYSTOSCOPY
30-39,28,32,4,2019-04-05,VA,HYSTEROSCOPY
30-39,1,1,1,2019-04-05,VA,MASTECTOMY
40-49,10,11,2,2019-04-05,VA,CATARACT
40-49,31,40,2,2019-04-05,VA,CHOLECYSTECTOMY
40-49,25,25,4,2019-04-05,VA,CYSTOSCOPY
40-49,4,7,5,2019-04-05,VA,HIP REPLACEMENT
40-49,23,26,3,2019-04-05,VA,HYSTEROSCOPY
40-49,7,12,2,2019-04-05,VA,KNEE REPLACEMENT
40-49,8,10,1,2019-04-05,VA,MASTECTOMY
50-64,1,2,2,2019-04-05,VA,CABG
50-64,132,178,9,2019-04-05,VA,CATARACT
50-64,44,60,3,2019-04-05,VA,CHOLECYSTECTOMY
50-64,79,87,6,2019-04-05,VA,CYSTOSCOPY
50-64,22,30,3,2019-04-05,VA,HIP REPLACEMENT
50-64,22,29,5,2019-04-05,VA,HYSTEROSCOPY
50-64,51,77,8,2019-04-05,VA,KNEE REPLACEMENT
50-64,24,36,4,2019-04-05,VA,MASTECTOMY
50-64,2,2,2,2019-04-05,VA,PROSTATECTOMY
65+,3,4,2,2019-04-05,VA,CABG
65+,517,632,12,2019-04-05,VA,CATARACT
65+,33,37,1,2019-04-05,VA,CHOLECYSTECTOMY
65+,166,178,6,2019-04-05,VA,CYSTOSCOPY
65+,36,54,4,2019-04-05,VA,HIP REPLACEMENT
65+,12,14,2,2019-04-05,VA,HYSTEROSCOPY
65+,68,97,5,2019-04-05,VA,KNEE REPLACEMENT
65+,39,52,2,2019-04-05,VA,MASTECTOMY
65+,7,10,2,2019-04-05,VA,PROSTATECTOMY
18-29,2,2,1,2019-04-12,VA,CATARACT
18-29,17,24,4,2019-04-12,VA,CHOLECYSTECTOMY
18-29,7,7,2,2019-04-12,VA,CYSTOSCOPY
18-29,5,6,3,2019-04-12,VA,HYSTEROSCOPY
30-39,2,2,2,2019-04-12,VA,CATARACT
30-39,31,40,4,2019-04-12,VA,CHOLECYSTECTOMY
30-39,10,11,5,2019-04-12,VA,CYSTOSCOPY
30-39,32,34,8,2019-04-12,VA,HYSTEROSCOPY
30-39,3,3,0,2019-04-12,VA,MASTECTOMY
40-49,12,15,5,2019-04-12,VA,CATARACT
40-49,32,42,6,2019-04-12,VA,CHOLECYSTECTOMY
40-49,30,32,6,2019-04-12,VA,CYSTOSCOPY
40-49,7,9,3,2019-04-12,VA,HIP REPLACEMENT
40-49,31,37,8,2019-04-12,VA,HYSTEROSCOPY
40-49,2,2,1,2019-04-12,VA,KNEE REPLACEMENT
40-49,9,11,2,2019-04-12,VA,MASTECTOMY
50-64,119,149,13,2019-04-12,VA,CATARACT
50-64,43,54,7,2019-04-12,VA,CHOLECYSTECTOMY
50-64,68,74,9,2019-04-12,VA,CYSTOSCOPY
50-64,28,37,7,2019-04-12,VA,HIP REPLACEMENT
50-64,31,40,9,2019-04-12,VA,HYSTEROSCOPY
50-64,45,64,7,2019-04-12,VA,KNEE REPLACEMENT
50-64,47,65,5,2019-04-12,VA,MASTECTOMY
50-64,5,5,1,2019-04-12,VA,PROSTATECTOMY
65+,1,2,2,2019-04-12,VA,CABG
65+,571,719,18,2019-04-12,VA,CATARACT
65+,32,38,3,2019-04-12,VA,CHOLECYSTECTOMY
65+,154,163,13,2019-04-12,VA,CYSTOSCOPY
65+,37,55,5,2019-04-12,VA,HIP REPLACEMENT
65+,11,14,1,2019-04-12,VA,HYSTEROSCOPY
65+,85,118,9,2019-04-12,VA,KNEE REPLACEMENT
65+,47,60,3,2019-04-12,VA,MASTECTOMY
65+,12,15,2,2019-04-12,VA,PROSTATECTOMY
18-29,1,1,1,2019-04-19,VA,CATARACT
18-29,22,28,2,2019-04-19,VA,CHOLECYSTECTOMY
18-29,7,7,2,2019-04-19,VA,CYSTOSCOPY
18-29,8,9,2,2019-04-19,VA,HYSTEROSCOPY
18-29,2,2,1,2019-04-19,VA,MASTECTOMY
30-39,2,2,0,2019-04-19,VA,CATARACT
30-39,34,43,5,2019-04-19,VA,CHOLECYSTECTOMY
30-39,9,9,3,2019-04-19,VA,CYSTOSCOPY
30-39,25,32,7,2019-04-19,VA,HYSTEROSCOPY
30-39,3,3,3,2019-04-19,VA,MASTECTOMY
40-49,8,11,4,2019-04-19,VA,CATARACT
40-49,21,29,6,2019-04-19,VA,CHOLECYSTECTOMY
40-49,18,20,8,2019-04-19,VA,CYSTOSCOPY
40-49,7,9,2,2019-04-19,VA,HIP REPLACEMENT
40-49,25,31,5,2019-04-19,VA,HYSTEROSCOPY
40-49,3,4,2,2019-04-19,VA,KNEE REPLACEMENT
40-49,12,15,3,2019-04-19,VA,MASTECTOMY
50-64,124,160,16,2019-04-19,VA,CATARACT
50-64,50,62,5,2019-04-19,VA,CHOLECYSTECTOMY
50-64,78,89,12,2019-04-19,VA,CYSTOSCOPY
50-64,32,49,5,2019-04-19,VA,HIP REPLACEMENT
50-64,30,38,5,2019-04-19,VA,HYSTEROSCOPY
50-64,36,48,5,2019-04-19,VA,KNEE REPLACEMENT
50-64,33,45,7,2019-04-19,VA,MASTECTOMY
50-64,6,7,1,2019-04-19,VA,PROSTATECTOMY
65+,1,1,1,2019-04-19,VA,CABG
65+,481,630,18,2019-04-19,VA,CATARACT
65+,31,38,3,2019-04-19,VA,CHOLECYSTECTOMY
65+,1,1,1,2019-04-19,VA,COSMETIC RECONSTRUCTION
65+,159,171,7,2019-04-19,VA,CYSTOSCOPY
65+,27,32,4,2019-04-19,VA,HIP REPLACEMENT
65+,13,15,2,2019-04-19,VA,HYSTEROSCOPY
65+,67,99,8,2019-04-19,VA,KNEE REPLACEMENT
65+,35,42,3,2019-04-19,VA,MASTECTOMY
65+,10,12,2,2019-04-19,VA,PROSTATECTOMY
18-29,1,2,1,2019-04-26,VA,CATARACT
18-29,19,24,6,2019-04-26,VA,CHOLECYSTECTOMY
18-29,7,10,3,2019-04-26,VA,CYSTOSCOPY
18-29,9,10,4,2019-04-26,VA,HYSTEROSCOPY
18-29,1,2,1,2019-04-26,VA,MASTECTOMY
30-39,4,4,3,2019-04-26,VA,CATARACT
30-39,37,42,5,2019-04-26,VA,CHOLECYSTECTOMY
30-39,10,11,5,2019-04-26,VA,CYSTOSCOPY
30-39,27,36,8,2019-04-26,VA,HYSTEROSCOPY
30-39,5,6,0,2019-04-26,VA,MASTECTOMY
40-49,11,14,4,2019-04-26,VA,CATARACT
40-49,36,50,5,2019-04-26,VA,CHOLECYSTECTOMY
40-49,23,26,7,2019-04-26,VA,CYSTOSCOPY
40-49,3,3,2,2019-04-26,VA,HIP REPLACEMENT
40-49,25,28,7,2019-04-26,VA,HYSTEROSCOPY
40-49,2,2,1,2019-04-26,VA,KNEE REPLACEMENT
40-49,25,28,3,2019-04-26,VA,MASTECTOMY
40-49,1,2,1,2019-04-26,VA,PROSTATECTOMY
50-64,116,144,20,2019-04-26,VA,CATARACT
50-64,44,54,3,2019-04-26,VA,CHOLECYSTECTOMY
50-64,74,80,9,2019-04-26,VA,CYSTOSCOPY
50-64,33,47,6,2019-04-26,VA,HIP REPLACEMENT
50-64,38,48,11,2019-04-26,VA,HYSTEROSCOPY
50-64,44,57,8,2019-04-26,VA,KNEE REPLACEMENT
50-64,32,46,3,2019-04-26,VA,MASTECTOMY
50-64,4,5,2,2019-04-26,VA,PROSTATECTOMY
65+,454,585,17,2019-04-26,VA,CATARACT
65+,29,36,2,2019-04-26,VA,CHOLECYSTECTOMY
65+,160,173,7,2019-04-26,VA,CYSTOSCOPY
65+,24,32,4,2019-04-26,VA,HIP REPLACEMENT
65+,9,10,4,2019-04-26,VA,HYSTEROSCOPY
65+,78,105,9,2019-04-26,VA,KNEE REPLACEMENT
65+,25,28,3,2019-04-26,VA,MASTECTOMY
65+,11,13,1,2019-04-26,VA,PROSTATECTOMY
18-29,20,26,2,2019-05-03,VA,CHOLECYSTECTOMY
18-29,7,7,1,2019-05-03,VA,CYSTOSCOPY
18-29,9,10,1,2019-05-03,VA,HYSTEROSCOPY
18-29,1,1,1,2019-05-03,VA,MASTECTOMY
30-39,3,3,1,2019-05-03,VA,CATARACT
30-39,32,40,3,2019-05-03,VA,CHOLECYSTECTOMY
30-39,11,11,1,2019-05-03,VA,CYSTOSCOPY
30-39,2,3,3,2019-05-03,VA,HIP REPLACEMENT
30-39,35,47,4,2019-05-03,VA,HYSTEROSCOPY
30-39,6,8,1,2019-05-03,VA,MASTECTOMY
40-49,10,13,3,2019-05-03,VA,CATARACT
40-49,30,38,4,2019-05-03,VA,CHOLECYSTECTOMY
40-49,26,27,4,2019-05-03,VA,CYSTOSCOPY
40-49,3,4,1,2019-05-03,VA,HIP REPLACEMENT
40-49,39,43,5,2019-05-03,VA,HYSTEROSCOPY
40-49,3,4,1,2019-05-03,VA,KNEE REPLACEMENT
40-49,13,19,2,2019-05-03,VA,MASTECTOMY
50-64,113,142,10,2019-05-03,VA,CATARACT
50-64,66,84,4,2019-05-03,VA,CHOLECYSTECTOMY
50-64,82,89,7,2019-05-03,VA,CYSTOSCOPY
50-64,21,27,2,2019-05-03,VA,HIP REPLACEMENT
50-64,38,47,7,2019-05-03,VA,HYSTEROSCOPY
50-64,49,68,5,2019-05-03,VA,KNEE REPLACEMENT
50-64,26,32,2,2019-05-03,VA,MASTECTOMY
50-64,7,8,1,2019-05-03,VA,PROSTATECTOMY
65+,509,646,10,2019-05-03,VA,CATARACT
65+,42,53,2,2019-05-03,VA,CHOLECYSTECTOMY
65+,169,185,6,2019-05-03,VA,CYSTOSCOPY
65+,48,68,5,2019-05-03,VA,HIP REPLACEMENT
65+,13,14,1,2019-05-03,VA,HYSTEROSCOPY
65+,70,94,4,2019-05-03,VA,KNEE REPLACEMENT
65+,25,35,1,2019-05-03,VA,MASTECTOMY
65+,10,16,1,2019-05-03,VA,PROSTATECTOMY
18-29,1,3,2,2019-05-10,VA,CATARACT
18-29,19,23,4,2019-05-10,VA,CHOLECYSTECTOMY
18-29,6,7,2,2019-05-10,VA,CYSTOSCOPY
18-29,11,11,2,2019-05-10,VA,HYSTEROSCOPY
18-29,1,2,1,2019-05-10,VA,MASTECTOMY
30-39,2,2,2,2019-05-10,VA,CATARACT
30-39,34,47,5,2019-05-10,VA,CHOLECYSTECTOMY
30-39,7,8,3,2019-05-10,VA,CYSTOSCOPY
30-39,28,33,8,2019-05-10,VA,HYSTEROSCOPY
30-39,3,4,2,2019-05-10,VA,MASTECTOMY
40-49,4,5,2,2019-05-10,VA,CATARACT
40-49,35,45,3,2019-05-10,VA,CHOLECYSTECTOMY
40-49,18,20,4,2019-05-10,VA,CYSTOSCOPY
40-49,5,8,4,2019-05-10,VA,HIP REPLACEMENT
40-49,32,34,14,2019-05-10,VA,HYSTEROSCOPY
40-49,3,5,2,2019-05-10,VA,KNEE REPLACEMENT
40-49,10,15,1,2019-05-10,VA,MASTECTOMY
50-64,135,177,16,2019-05-10,VA,CATARACT
50-64,40,47,4,2019-05-10,VA,CHOLECYSTECTOMY
50-64,75,84,8,2019-05-10,VA,CYSTOSCOPY
50-64,23,39,6,2019-05-10,VA,HIP REPLACEMENT
50-64,47,58,7,2019-05-10,VA,HYSTEROSCOPY
50-64,33,51,5,2019-05-10,VA,KNEE REPLACEMENT
50-64,34,46,4,2019-05-10,VA,MASTECTOMY
50-64,3,3,1,2019-05-10,VA,PROSTATECTOMY
65+,1,4,1,2019-05-10,VA,CABG
65+,504,642,18,2019-05-10,VA,CATARACT
65+,20,23,2,2019-05-10,VA,CHOLECYSTECTOMY
65+,175,187,10,2019-05-10,VA,CYSTOSCOPY
65+,39,54,7,2019-05-10,VA,HIP REPLACEMENT
65+,14,14,3,2019-05-10,VA,HYSTEROSCOPY
65+,66,92,8,2019-05-10,VA,KNEE REPLACEMENT
65+,45,58,5,2019-05-10,VA,MASTECTOMY
65+,9,12,2,2019-05-10,VA,PROSTATECTOMY
18-29,3,5,3,2019-05-17,VA,CATARACT
18-29,18,26,3,2019-05-17,VA,CHOLECYSTECTOMY
18-29,7,7,2,2019-05-17,VA,CYSTOSCOPY
18-29,2,3,1,2019-05-17,VA,HIP REPLACEMENT
18-29,9,10,2,2019-05-17,VA,HYSTEROSCOPY
18-29,1,1,1,2019-05-17,VA,MASTECTOMY
30-39,5,5,2,2019-05-17,VA,CATARACT
30-39,26,31,4,2019-05-17,VA,CHOLECYSTECTOMY
30-39,8,9,8,2019-05-17,VA,CYSTOSCOPY
30-39,1,2,1,2019-05-17,VA,HIP REPLACEMENT
30-39,33,42,7,2019-05-17,VA,HYSTEROSCOPY
30-39,6,6,2,2019-05-17,VA,MASTECTOMY
40-49,12,17,11,2019-05-17,VA,CATARACT
40-49,27,32,8,2019-05-17,VA,CHOLECYSTECTOMY
40-49,21,22,4,2019-05-17,VA,CYSTOSCOPY
40-49,9,14,2,2019-05-17,VA,HIP REPLACEMENT
40-49,38,48,9,2019-05-17,VA,HYSTEROSCOPY
40-49,1,1,1,2019-05-17,VA,KNEE REPLACEMENT
40-49,13,20,3,2019-05-17,VA,MASTECTOMY
50-64,131,166,17,2019-05-17,VA,CATARACT
50-64,50,63,8,2019-05-17,VA,CHOLECYSTECTOMY
50-64,56,60,9,2019-05-17,VA,CYSTOSCOPY
50-64,28,39,5,2019-05-17,VA,HIP REPLACEMENT
50-64,35,46,11,2019-05-17,VA,HYSTEROSCOPY
50-64,40,53,5,2019-05-17,VA,KNEE REPLACEMENT
50-64,30,38,3,2019-05-17,VA,MASTECTOMY
50-64,7,9,1,2019-05-17,VA,PROSTATECTOMY
65+,3,5,2,2019-05-17,VA,CABG
65+,521,691,20,2019-05-17,VA,CATARACT
65+,36,42,3,2019-05-17,VA,CHOLECYSTECTOMY
65+,178,194,10,2019-05-17,VA,CYSTOSCOPY
65+,44,56,8,2019-05-17,VA,HIP REPLACEMENT
65+,19,20,6,2019-05-17,VA,HYSTEROSCOPY
65+,67,89,5,2019-05-17,VA,KNEE REPLACEMENT
65+,34,42,2,2019-05-17,VA,MASTECTOMY
65+,8,11,2,2019-05-17,VA,PROSTATECTOMY
18-29,27,35,9,2019-05-24,VA,CHOLECYSTECTOMY
18-29,5,5,5,2019-05-24,VA,CYSTOSCOPY
18-29,4,4,1,2019-05-24,VA,HYSTEROSCOPY
18-29,5,7,4,2019-05-24,VA,MASTECTOMY
30-39,1,1,1,2019-05-24,VA,CABG
30-39,3,4,1,2019-05-24,VA,CATARACT
30-39,28,33,4,2019-05-24,VA,CHOLECYSTECTOMY
30-39,12,12,5,2019-05-24,VA,CYSTOSCOPY
30-39,2,2,1,2019-05-24,VA,HIP REPLACEMENT
30-39,22,26,10,2019-05-24,VA,HYSTEROSCOPY
30-39,1,1,1,2019-05-24,VA,KNEE REPLACEMENT
40-49,9,12,4,2019-05-24,VA,CATARACT
40-49,26,29,3,2019-05-24,VA,CHOLECYSTECTOMY
40-49,28,32,7,2019-05-24,VA,CYSTOSCOPY
40-49,7,9,4,2019-05-24,VA,HIP REPLACEMENT
40-49,23,28,6,2019-05-24,VA,HYSTEROSCOPY
40-49,4,5,2,2019-05-24,VA,KNEE REPLACEMENT
40-49,16,17,3,2019-05-24,VA,MASTECTOMY
40-49,1,1,0,2019-05-24,VA,PROSTATECTOMY
50-64,125,155,14,2019-05-24,VA,CATARACT
50-64,43,66,5,2019-05-24,VA,CHOLECYSTECTOMY
50-64,74,83,13,2019-05-24,VA,CYSTOSCOPY
50-64,32,49,6,2019-05-24,VA,HIP REPLACEMENT
50-64,57,74,8,2019-05-24,VA,HYSTEROSCOPY
50-64,50,71,6,2019-05-24,VA,KNEE REPLACEMENT
50-64,57,71,8,2019-05-24,VA,MASTECTOMY
50-64,4,8,3,2019-05-24,VA,PROSTATECTOMY
65+,2,3,1,2019-05-24,VA,CABG
65+,530,668,23,2019-05-24,VA,CATARACT
65+,44,52,3,2019-05-24,VA,CHOLECYSTECTOMY
65+,176,193,11,2019-05-24,VA,CYSTOSCOPY
65+,28,36,3,2019-05-24,VA,HIP REPLACEMENT
65+,13,17,2,2019-05-24,VA,HYSTEROSCOPY
65+,75,101,6,2019-05-24,VA,KNEE REPLACEMENT
65+,34,45,3,2019-05-24,VA,MASTECTOMY
65+,10,10,2,2019-05-24,VA,PROSTATECTOMY
18-29,1,1,1,2019-05-31,VA,CATARACT
18-29,15,18,3,2019-05-31,VA,CHOLECYSTECTOMY
18-29,3,3,1,2019-05-31,VA,CYSTOSCOPY
18-29,8,9,3,2019-05-31,VA,HYSTEROSCOPY
18-29,2,3,2,2019-05-31,VA,MASTECTOMY
30-39,2,2,2,2019-05-31,VA,CATARACT
30-39,37,49,4,2019-05-31,VA,CHOLECYSTECTOMY
30-39,3,3,3,2019-05-31,VA,CYSTOSCOPY
30-39,17,23,4,2019-05-31,VA,HYSTEROSCOPY
30-39,4,5,4,2019-05-31,VA,MASTECTOMY
40-49,7,10,6,2019-05-31,VA,CATARACT
40-49,16,24,5,2019-05-31,VA,CHOLECYSTECTOMY
40-49,18,18,4,2019-05-31,VA,CYSTOSCOPY
40-49,3,3,1,2019-05-31,VA,HIP REPLACEMENT
40-49,22,26,6,2019-05-31,VA,HYSTEROSCOPY
40-49,5,10,2,2019-05-31,VA,KNEE REPLACEMENT
40-49,11,13,3,2019-05-31,VA,MASTECTOMY
50-64,2,2,1,2019-05-31,VA,CABG
50-64,77,97,14,2019-05-31,VA,CATARACT
50-64,40,49,4,2019-05-31,VA,CHOLECYSTECTOMY
50-64,49,56,5,2019-05-31,VA,CYSTOSCOPY
50-64,18,22,4,2019-05-31,VA,HIP REPLACEMENT
50-64,24,28,5,2019-05-31,VA,HYSTEROSCOPY
50-64,25,36,5,2019-05-31,VA,KNEE REPLACEMENT
50-64,23,31,3,2019-05-31,VA,MASTECTOMY
50-64,3,4,1,2019-05-31,VA,PROSTATECTOMY
65+,1,1,1,2019-05-31,VA,CABG
65+,355,468,14,2019-05-31,VA,CATARACT
65+,36,44,3,2019-05-31,VA,CHOLECYSTECTOMY
65+,126,137,8,2019-05-31,VA,CYSTOSCOPY
65+,24,29,4,2019-05-31,VA,HIP REPLACEMENT
65+,13,13,2,2019-05-31,VA,HYSTEROSCOPY
65+,49,58,4,2019-05-31,VA,KNEE REPLACEMENT
65+,34,42,4,2019-05-31,VA,MASTECTOMY
65+,10,14,2,2019-05-31,VA,PROSTATECTOMY
18-29,16,18,2,2019-06-07,VA,CHOLECYSTECTOMY
18-29,4,5,1,2019-06-07,VA,CYSTOSCOPY
18-29,4,5,2,2019-06-07,VA,HYSTEROSCOPY
18-29,7,10,1,2019-06-07,VA,MASTECTOMY
30-39,2,2,2,2019-06-07,VA,CATARACT
30-39,22,28,3,2019-06-07,VA,CHOLECYSTECTOMY
30-39,10,11,3,2019-06-07,VA,CYSTOSCOPY
30-39,35,42,6,2019-06-07,VA,HYSTEROSCOPY
30-39,5,5,0,2019-06-07,VA,MASTECTOMY
40-49,8,8,3,2019-06-07,VA,CATARACT
40-49,19,24,2,2019-06-07,VA,CHOLECYSTECTOMY
40-49,21,24,4,2019-06-07,VA,CYSTOSCOPY
40-49,5,8,1,2019-06-07,VA,HIP REPLACEMENT
40-49,30,36,4,2019-06-07,VA,HYSTEROSCOPY
40-49,5,8,3,2019-06-07,VA,KNEE REPLACEMENT
40-49,12,13,2,2019-06-07,VA,MASTECTOMY
50-64,126,169,8,2019-06-07,VA,CATARACT
50-64,43,51,3,2019-06-07,VA,CHOLECYSTECTOMY
50-64,71,79,5,2019-06-07,VA,CYSTOSCOPY
50-64,23,34,4,2019-06-07,VA,HIP REPLACEMENT
50-64,34,42,4,2019-06-07,VA,HYSTEROSCOPY
50-64,63,91,7,2019-06-07,VA,KNEE REPLACEMENT
50-64,33,43,3,2019-06-07,VA,MASTECTOMY
50-64,3,5,2,2019-06-07,VA,PROSTATECTOMY
65+,490,640,11,2019-06-07,VA,CATARACT
65+,32,39,2,2019-06-07,VA,CHOLECYSTECTOMY
65+,1,1,1,2019-06-07,VA,COSMETIC RECONSTRUCTION
65+,168,182,5,2019-06-07,VA,CYSTOSCOPY
65+,37,57,7,2019-06-07,VA,HIP REPLACEMENT
65+,14,17,2,2019-06-07,VA,HYSTEROSCOPY
65+,56,71,4,2019-06-07,VA,KNEE REPLACEMENT
65+,32,36,1,2019-06-07,VA,MASTECTOMY
65+,12,14,2,2019-06-07,VA,PROSTATECTOMY
18-29,13,16,2,2019-06-14,VA,CHOLECYSTECTOMY
18-29,6,8,2,2019-06-14,VA,CYSTOSCOPY
18-29,9,10,3,2019-06-14,VA,HYSTEROSCOPY
18-29,3,4,3,2019-06-14,VA,MASTECTOMY
30-39,2,3,2,2019-06-14,VA,CATARACT
30-39,29,34,2,2019-06-14,VA,CHOLECYSTECTOMY
30-39,7,8,2,2019-06-14,VA,CYSTOSCOPY
30-39,1,2,1,2019-06-14,VA,HIP REPLACEMENT
30-39,20,26,6,2019-06-14,VA,HYSTEROSCOPY
30-39,2,2,1,2019-06-14,VA,MASTECTOMY
40-49,9,12,9,2019-06-14,VA,CATARACT
40-49,25,31,3,2019-06-14,VA,CHOLECYSTECTOMY
40-49,22,23,10,2019-06-14,VA,CYSTOSCOPY
40-49,4,5,1,2019-06-14,VA,HIP REPLACEMENT
40-49,40,50,10,2019-06-14,VA,HYSTEROSCOPY
40-49,5,6,2,2019-06-14,VA,KNEE REPLACEMENT
40-49,15,16,3,2019-06-14,VA,MASTECTOMY
40-49,1,1,1,2019-06-14,VA,PROSTATECTOMY
50-64,134,171,15,2019-06-14,VA,CATARACT
50-64,52,61,5,2019-06-14,VA,CHOLECYSTECTOMY
50-64,65,72,7,2019-06-14,VA,CYSTOSCOPY
50-64,27,37,5,2019-06-14,VA,HIP REPLACEMENT
50-64,21,26,4,2019-06-14,VA,HYSTEROSCOPY
50-64,45,58,7,2019-06-14,VA,KNEE REPLACEMENT
50-64,23,28,3,2019-06-14,VA,MASTECTOMY
50-64,5,8,2,2019-06-14,VA,PROSTATECTOMY
65+,487,618,16,2019-06-14,VA,CATARACT
65+,36,50,3,2019-06-14,VA,CHOLECYSTECTOMY
65+,150,162,9,2019-06-14,VA,CYSTOSCOPY
65+,28,38,6,2019-06-14,VA,HIP REPLACEMENT
65+,15,22,3,2019-06-14,VA,HYSTEROSCOPY
65+,75,101,7,2019-06-14,VA,KNEE REPLACEMENT
65+,35,50,3,2019-06-14,VA,MASTECTOMY
65+,10,12,2,2019-06-14,VA,PROSTATECTOMY
18-29,14,16,2,2019-06-21,VA,CHOLECYSTECTOMY
18-29,3,3,1,2019-06-21,VA,CYSTOSCOPY
18-29,1,2,1,2019-06-21,VA,HIP REPLACEMENT
18-29,11,14,3,2019-06-21,VA,HYSTEROSCOPY
18-29,4,5,2,2019-06-21,VA,MASTECTOMY
30-39,1,1,1,2019-06-21,VA,CATARACT
30-39,14,16,3,2019-06-21,VA,CHOLECYSTECTOMY
30-39,14,14,5,2019-06-21,VA,CYSTOSCOPY
30-39,3,7,4,2019-06-21,VA,HIP REPLACEMENT
30-39,20,24,6,2019-06-21,VA,HYSTEROSCOPY
30-39,3,3,1,2019-06-21,VA,MASTECTOMY
40-49,8,11,2,2019-06-21,VA,CATARACT
40-49,29,35,4,2019-06-21,VA,CHOLECYSTECTOMY
40-49,20,20,6,2019-06-21,VA,CYSTOSCOPY
40-49,9,13,5,2019-06-21,VA,HIP REPLACEMENT
40-49,38,50,6,2019-06-21,VA,HYSTEROSCOPY
40-49,8,12,2,2019-06-21,VA,KNEE REPLACEMENT
40-49,17,23,3,2019-06-21,VA,MASTECTOMY
50-64,139,179,12,2019-06-21,VA,CATARACT
50-64,30,38,4,2019-06-21,VA,CHOLECYSTECTOMY
50-64,64,70,6,2019-06-21,VA,CYSTOSCOPY
50-64,32,45,5,2019-06-21,VA,HIP REPLACEMENT
50-64,30,34,6,2019-06-21,VA,HYSTEROSCOPY
50-64,59,87,11,2019-06-21,VA,KNEE REPLACEMENT
50-64,28,32,4,2019-06-21,VA,MASTECTOMY
50-64,7,8,2,2019-06-21,VA,PROSTATECTOMY
65+,1,1,1,2019-06-21,VA,CABG
65+,508,644,17,2019-06-21,VA,CATARACT
65+,26,31,2,2019-06-21,VA,CHOLECYSTECTOMY
65+,166,174,9,2019-06-21,VA,CYSTOSCOPY
65+,40,59,11,2019-06-21,VA,HIP REPLACEMENT
65+,16,17,2,2019-06-21,VA,HYSTEROSCOPY
65+,68,91,9,2019-06-21,VA,KNEE REPLACEMENT
65+,40,44,3,2019-06-21,VA,MASTECTOMY
65+,9,13,2,2019-06-21,VA,PROSTATECTOMY
18-29,17,22,3,2019-06-28,VA,CHOLECYSTECTOMY
18-29,4,4,2,2019-06-28,VA,CYSTOSCOPY
18-29,1,1,1,2019-06-28,VA,HIP REPLACEMENT
18-29,10,13,3,2019-06-28,VA,HYSTEROSCOPY
18-29,1,3,1,2019-06-28,VA,MASTECTOMY
30-39,2,3,1,2019-06-28,VA,CATARACT
30-39,31,39,5,2019-06-28,VA,CHOLECYSTECTOMY
30-39,8,9,2,2019-06-28,VA,CYSTOSCOPY
30-39,35,43,5,2019-06-28,VA,HYSTEROSCOPY
30-39,1,1,1,2019-06-28,VA,MASTECTOMY
40-49,11,14,3,2019-06-28,VA,CATARACT
40-49,34,41,5,2019-06-28,VA,CHOLECYSTECTOMY
40-49,21,23,6,2019-06-28,VA,CYSTOSCOPY
40-49,3,3,2,2019-06-28,VA,HIP REPLACEMENT
40-49,32,34,5,2019-06-28,VA,HYSTEROSCOPY
40-49,6,10,5,2019-06-28,VA,KNEE REPLACEMENT
40-49,7,10,2,2019-06-28,VA,MASTECTOMY
40-49,1,1,1,2019-06-28,VA,PROSTATECTOMY
50-64,112,145,12,2019-06-28,VA,CATARACT
50-64,33,40,6,2019-06-28,VA,CHOLECYSTECTOMY
50-64,78,84,6,2019-06-28,VA,CYSTOSCOPY
50-64,31,46,8,2019-06-28,VA,HIP REPLACEMENT
50-64,41,50,7,2019-06-28,VA,HYSTEROSCOPY
50-64,58,77,11,2019-06-28,VA,KNEE REPLACEMENT
50-64,47,58,5,2019-06-28,VA,MASTECTOMY
50-64,2,2,1,2019-06-28,VA,PROSTATECTOMY
65+,456,576,20,2019-06-28,VA,CATARACT
65+,46,55,4,2019-06-28,VA,CHOLECYSTECTOMY
65+,170,177,8,2019-06-28,VA,CYSTOSCOPY
65+,29,38,3,2019-06-28,VA,HIP REPLACEMENT
65+,11,11,2,2019-06-28,VA,HYSTEROSCOPY
65+,86,122,12,2019-06-28,VA,KNEE REPLACEMENT
65+,34,42,2,2019-06-28,VA,MASTECTOMY
65+,7,7,2,2019-06-28,VA,PROSTATECTOMY
18-29,14,25,4,2019-07-05,VA,CHOLECYSTECTOMY
18-29,7,7,1,2019-07-05,VA,CYSTOSCOPY
18-29,6,9,1,2019-07-05,VA,HYSTEROSCOPY
18-29,3,3,3,2019-07-05,VA,MASTECTOMY
30-39,23,29,2,2019-07-05,VA,CHOLECYSTECTOMY
30-39,13,13,2,2019-07-05,VA,CYSTOSCOPY
30-39,1,1,1,2019-07-05,VA,HIP REPLACEMENT
30-39,17,19,3,2019-07-05,VA,HYSTEROSCOPY
30-39,1,2,1,2019-07-05,VA,KNEE REPLACEMENT
40-49,2,3,1,2019-07-05,VA,CATARACT
40-49,23,37,3,2019-07-05,VA,CHOLECYSTECTOMY
40-49,11,11,2,2019-07-05,VA,CYSTOSCOPY
40-49,2,4,1,2019-07-05,VA,HIP REPLACEMENT
40-49,18,23,3,2019-07-05,VA,HYSTEROSCOPY
40-49,2,2,1,2019-07-05,VA,KNEE REPLACEMENT
40-49,13,15,2,2019-07-05,VA,MASTECTOMY
40-49,1,1,1,2019-07-05,VA,PROSTATECTOMY
50-64,83,101,10,2019-07-05,VA,CATARACT
50-64,38,47,3,2019-07-05,VA,CHOLECYSTECTOMY
50-64,48,51,4,2019-07-05,VA,CYSTOSCOPY
50-64,18,24,4,2019-07-05,VA,HIP REPLACEMENT
50-64,27,30,4,2019-07-05,VA,HYSTEROSCOPY
50-64,30,45,6,2019-07-05,VA,KNEE REPLACEMENT
50-64,17,23,4,2019-07-05,VA,MASTECTOMY
50-64,6,7,1,2019-07-05,VA,PROSTATECTOMY
65+,1,2,2,2019-07-05,VA,CABG
65+,296,361,8,2019-07-05,VA,CATARACT
65+,29,32,1,2019-07-05,VA,CHOLECYSTECTOMY
65+,117,125,5,2019-07-05,VA,CYSTOSCOPY
65+,31,44,4,2019-07-05,VA,HIP REPLACEMENT
65+,10,12,1,2019-07-05,VA,HYSTEROSCOPY
65+,43,54,2,2019-07-05,VA,KNEE REPLACEMENT
65+,18,19,2,2019-07-05,VA,MASTECTOMY
65+,3,3,1,2019-07-05,VA,PROSTATECTOMY
18-29,3,5,1,2019-07-12,VA,CATARACT
18-29,12,13,3,2019-07-12,VA,CHOLECYSTECTOMY
18-29,3,4,1,2019-07-12,VA,CYSTOSCOPY
18-29,7,7,7,2019-07-12,VA,HYSTEROSCOPY
18-29,2,3,1,2019-07-12,VA,MASTECTOMY
30-39,16,19,4,2019-07-12,VA,CHOLECYSTECTOMY
30-39,13,17,4,2019-07-12,VA,CYSTOSCOPY
30-39,16,17,3,2019-07-12,VA,HYSTEROSCOPY
30-39,1,1,1,2019-07-12,VA,KNEE REPLACEMENT
30-39,9,9,3,2019-07-12,VA,MASTECTOMY
40-49,1,1,1,2019-07-12,VA,CABG
40-49,12,13,12,2019-07-12,VA,CATARACT
40-49,20,24,2,2019-07-12,VA,CHOLECYSTECTOMY
40-49,25,27,5,2019-07-12,VA,CYSTOSCOPY
40-49,7,8,2,2019-07-12,VA,HIP REPLACEMENT
40-49,23,27,5,2019-07-12,VA,HYSTEROSCOPY
40-49,3,4,1,2019-07-12,VA,KNEE REPLACEMENT
40-49,11,15,3,2019-07-12,VA,MASTECTOMY
40-49,2,2,2,2019-07-12,VA,PROSTATECTOMY
50-64,101,127,8,2019-07-12,VA,CATARACT
50-64,47,61,7,2019-07-12,VA,CHOLECYSTECTOMY
50-64,81,84,7,2019-07-12,VA,CYSTOSCOPY
50-64,35,51,10,2019-07-12,VA,HIP REPLACEMENT
50-64,36,45,8,2019-07-12,VA,HYSTEROSCOPY
50-64,37,57,10,2019-07-12,VA,KNEE REPLACEMENT
50-64,22,32,4,2019-07-12,VA,MASTECTOMY
50-64,7,9,2,2019-07-12,VA,PROSTATECTOMY
65+,2,3,1,2019-07-12,VA,CABG
65+,505,648,17,2019-07-12,VA,CATARACT
65+,30,32,3,2019-07-12,VA,CHOLECYSTECTOMY
65+,141,152,8,2019-07-12,VA,CYSTOSCOPY
65+,26,33,7,2019-07-12,VA,HIP REPLACEMENT
65+,8,10,1,2019-07-12,VA,HYSTEROSCOPY
65+,68,90,7,2019-07-12,VA,KNEE REPLACEMENT
65+,37,42,3,2019-07-12,VA,MASTECTOMY
65+,9,12,2,2019-07-12,VA,PROSTATECTOMY
18-29,1,1,1,2019-07-19,VA,CATARACT
18-29,16,23,5,2019-07-19,VA,CHOLECYSTECTOMY
18-29,8,10,1,2019-07-19,VA,CYSTOSCOPY
18-29,10,12,2,2019-07-19,VA,HYSTEROSCOPY
18-29,3,4,2,2019-07-19,VA,MASTECTOMY
30-39,3,5,1,2019-07-19,VA,CATARACT
30-39,29,36,3,2019-07-19,VA,CHOLECYSTECTOMY
30-39,8,9,2,2019-07-19,VA,CYSTOSCOPY
30-39,21,22,4,2019-07-19,VA,HYSTEROSCOPY
30-39,3,3,1,2019-07-19,VA,MASTECTOMY
40-49,6,8,4,2019-07-19,VA,CATARACT
40-49,27,33,4,2019-07-19,VA,CHOLECYSTECTOMY
40-49,31,32,6,2019-07-19,VA,CYSTOSCOPY
40-49,4,6,1,2019-07-19,VA,HIP REPLACEMENT
40-49,20,22,4,2019-07-19,VA,HYSTEROSCOPY
40-49,8,10,5,2019-07-19,VA,KNEE REPLACEMENT
40-49,11,11,3,2019-07-19,VA,MASTECTOMY
40-49,1,3,1,2019-07-19,VA,PROSTATECTOMY
50-64,109,131,14,2019-07-19,VA,CATARACT
50-64,44,59,5,2019-07-19,VA,CHOLECYSTECTOMY
50-64,100,107,9,2019-07-19,VA,CYSTOSCOPY
50-64,19,26,4,2019-07-19,VA,HIP REPLACEMENT
50-64,31,34,5,2019-07-19,VA,HYSTEROSCOPY
50-64,41,59,7,2019-07-19,VA,KNEE REPLACEMENT
50-64,35,48,3,2019-07-19,VA,MASTECTOMY
50-64,8,10,2,2019-07-19,VA,PROSTATECTOMY
65+,481,606,24,2019-07-19,VA,CATARACT
65+,34,40,3,2019-07-19,VA,CHOLECYSTECTOMY
65+,153,159,8,2019-07-19,VA,CYSTOSCOPY
65+,36,49,4,2019-07-19,VA,HIP REPLACEMENT
65+,14,15,2,2019-07-19,VA,HYSTEROSCOPY
65+,77,100,8,2019-07-19,VA,KNEE REPLACEMENT
65+,40,46,3,2019-07-19,VA,MASTECTOMY
65+,8,11,3,2019-07-19,VA,PROSTATECTOMY
18-29,1,1,1,2019-07-26,VA,CATARACT
18-29,22,32,4,2019-07-26,VA,CHOLECYSTECTOMY
18-29,6,7,3,2019-07-26,VA,CYSTOSCOPY
18-29,6,7,1,2019-07-26,VA,HYSTEROSCOPY
18-29,3,3,1,2019-07-26,VA,MASTECTOMY
30-39,19,25,3,2019-07-26,VA,CHOLECYSTECTOMY
30-39,14,16,4,2019-07-26,VA,CYSTOSCOPY
30-39,23,31,10,2019-07-26,VA,HYSTEROSCOPY
30-39,2,2,1,2019-07-26,VA,MASTECTOMY
40-49,6,7,2,2019-07-26,VA,CATARACT
40-49,18,29,4,2019-07-26,VA,CHOLECYSTECTOMY
40-49,20,21,9,2019-07-26,VA,CYSTOSCOPY
40-49,2,2,2,2019-07-26,VA,HIP REPLACEMENT
40-49,32,37,5,2019-07-26,VA,HYSTEROSCOPY
40-49,4,5,1,2019-07-26,VA,KNEE REPLACEMENT
40-49,20,23,2,2019-07-26,VA,MASTECTOMY
40-49,1,2,2,2019-07-26,VA,PROSTATECTOMY
50-64,114,143,15,2019-07-26,VA,CATARACT
50-64,44,54,6,2019-07-26,VA,CHOLECYSTECTOMY
50-64,87,91,9,2019-07-26,VA,CYSTOSCOPY
50-64,25,31,4,2019-07-26,VA,HIP REPLACEMENT
50-64,44,53,8,2019-07-26,VA,HYSTEROSCOPY
50-64,37,55,6,2019-07-26,VA,KNEE REPLACEMENT
50-64,21,25,3,2019-07-26,VA,MASTECTOMY
50-64,5,8,2,2019-07-26,VA,PROSTATECTOMY
65+,414,520,16,2019-07-26,VA,CATARACT
65+,39,47,3,2019-07-26,VA,CHOLECYSTECTOMY
65+,176,190,9,2019-07-26,VA,CYSTOSCOPY
65+,30,41,6,2019-07-26,VA,HIP REPLACEMENT
65+,10,12,2,2019-07-26,VA,HYSTEROSCOPY
65+,72,99,7,2019-07-26,VA,KNEE REPLACEMENT
65+,43,49,4,2019-07-26,VA,MASTECTOMY
65+,6,7,1,2019-07-26,VA,PROSTATECTOMY
18-29,27,30,2,2019-08-02,VA,CHOLECYSTECTOMY
18-29,3,3,1,2019-08-02,VA,CYSTOSCOPY
18-29,9,10,2,2019-08-02,VA,HYSTEROSCOPY
18-29,3,4,1,2019-08-02,VA,MASTECTOMY
30-39,3,5,1,2019-08-02,VA,CATARACT
30-39,18,20,4,2019-08-02,VA,CHOLECYSTECTOMY
30-39,3,3,1,2019-08-02,VA,CYSTOSCOPY
30-39,1,2,0,2019-08-02,VA,HIP REPLACEMENT
30-39,24,30,3,2019-08-02,VA,HYSTEROSCOPY
30-39,1,1,1,2019-08-02,VA,KNEE REPLACEMENT
30-39,6,8,1,2019-08-02,VA,MASTECTOMY
40-49,5,8,1,2019-08-02,VA,CATARACT
40-49,28,35,4,2019-08-02,VA,CHOLECYSTECTOMY
40-49,16,20,3,2019-08-02,VA,CYSTOSCOPY
40-49,29,34,4,2019-08-02,VA,HYSTEROSCOPY
40-49,11,12,2,2019-08-02,VA,MASTECTOMY
50-64,1,2,2,2019-08-02,VA,CABG
50-64,101,124,7,2019-08-02,VA,CATARACT
50-64,29,35,3,2019-08-02,VA,CHOLECYSTECTOMY
50-64,82,85,6,2019-08-02,VA,CYSTOSCOPY
50-64,26,34,4,2019-08-02,VA,HIP REPLACEMENT
50-64,25,30,4,2019-08-02,VA,HYSTEROSCOPY
50-64,34,45,5,2019-08-02,VA,KNEE REPLACEMENT
50-64,27,34,4,2019-08-02,VA,MASTECTOMY
50-64,8,10,4,2019-08-02,VA,PROSTATECTOMY
65+,2,5,1,2019-08-02,VA,CABG
65+,436,539,9,2019-08-02,VA,CATARACT
65+,22,27,1,2019-08-02,VA,CHOLECYSTECTOMY
65+,142,153,6,2019-08-02,VA,CYSTOSCOPY
65+,31,43,5,2019-08-02,VA,HIP REPLACEMENT
65+,13,15,1,2019-08-02,VA,HYSTEROSCOPY
65+,50,60,3,2019-08-02,VA,KNEE REPLACEMENT
65+,31,36,2,2019-08-02,VA,MASTECTOMY
65+,4,5,2,2019-08-02,VA,PROSTATECTOMY
18-29,24,32,5,2019-08-09,VA,CHOLECYSTECTOMY
18-29,3,3,3,2019-08-09,VA,CYSTOSCOPY
18-29,8,8,2,2019-08-09,VA,HYSTEROSCOPY
18-29,1,1,1,2019-08-09,VA,KNEE REPLACEMENT
18-29,1,1,1,2019-08-09,VA,MASTECTOMY
30-39,1,2,1,2019-08-09,VA,CATARACT
30-39,20,26,6,2019-08-09,VA,CHOLECYSTECTOMY
30-39,9,9,7,2019-08-09,VA,CYSTOSCOPY
30-39,1,2,1,2019-08-09,VA,HIP REPLACEMENT
30-39,27,33,12,2019-08-09,VA,HYSTEROSCOPY
30-39,3,4,3,2019-08-09,VA,MASTECTOMY
40-49,3,3,1,2019-08-09,VA,CATARACT
40-49,29,39,5,2019-08-09,VA,CHOLECYSTECTOMY
40-49,22,25,4,2019-08-09,VA,CYSTOSCOPY
40-49,3,4,2,2019-08-09,VA,HIP REPLACEMENT
40-49,22,27,5,2019-08-09,VA,HYSTEROSCOPY
40-49,4,6,1,2019-08-09,VA,KNEE REPLACEMENT
40-49,10,15,4,2019-08-09,VA,MASTECTOMY
40-49,1,2,1,2019-08-09,VA,PROSTATECTOMY
50-64,95,108,10,2019-08-09,VA,CATARACT
50-64,37,48,5,2019-08-09,VA,CHOLECYSTECTOMY
50-64,75,78,6,2019-08-09,VA,CYSTOSCOPY
50-64,26,37,5,2019-08-09,VA,HIP REPLACEMENT
50-64,34,40,10,2019-08-09,VA,HYSTEROSCOPY
50-64,27,40,5,2019-08-09,VA,KNEE REPLACEMENT
50-64,23,29,4,2019-08-09,VA,MASTECTOMY
50-64,4,5,1,2019-08-09,VA,PROSTATECTOMY
65+,393,479,20,2019-08-09,VA,CATARACT
65+,29,36,3,2019-08-09,VA,CHOLECYSTECTOMY
65+,149,166,7,2019-08-09,VA,CYSTOSCOPY
65+,29,43,6,2019-08-09,VA,HIP REPLACEMENT
65+,15,16,2,2019-08-09,VA,HYSTEROSCOPY
65+,69,91,7,2019-08-09,VA,KNEE REPLACEMENT
65+,20,21,1,2019-08-09,VA,MASTECTOMY
65+,8,9,2,2019-08-09,VA,PROSTATECTOMY
18-29,6,8,2,2020-01-03,VA,CHOLECYSTECTOMY
30-39,3,4,2,2020-01-03,VA,CHOLECYSTECTOMY
30-39,1,1,1,2020-01-03,VA,COVID
30-39,2,2,2,2020-01-03,VA,HYSTEROSCOPY
30-39,1,1,1,2020-01-03,VA,MASTECTOMY
40-49,1,1,1,2020-01-03,VA,CATARACT
40-49,8,9,3,2020-01-03,VA,CHOLECYSTECTOMY
40-49,5,5,1,2020-01-03,VA,CYSTOSCOPY
40-49,1,1,1,2020-01-03,VA,HIP REPLACEMENT
40-49,4,4,2,2020-01-03,VA,HYSTEROSCOPY
40-49,2,3,3,2020-01-03,VA,MASTECTOMY
50-64,14,22,6,2020-01-03,VA,CATARACT
50-64,14,18,4,2020-01-03,VA,CHOLECYSTECTOMY
50-64,13,14,3,2020-01-03,VA,CYSTOSCOPY
50-64,5,6,1,2020-01-03,VA,HIP REPLACEMENT
50-64,3,3,1,2020-01-03,VA,HYSTEROSCOPY
50-64,8,14,3,2020-01-03,VA,KNEE REPLACEMENT
50-64,4,5,1,2020-01-03,VA,MASTECTOMY
65+,65,90,4,2020-01-03,VA,CATARACT
65+,10,11,1,2020-01-03,VA,CHOLECYSTECTOMY
65+,35,35,5,2020-01-03,VA,CYSTOSCOPY
65+,5,6,1,2020-01-03,VA,HIP REPLACEMENT
65+,3,3,1,2020-01-03,VA,HYSTEROSCOPY
65+,16,22,3,2020-01-03,VA,KNEE REPLACEMENT
65+,5,6,1,2020-01-03,VA,MASTECTOMY
18-29,1,1,1,2020-01-10,VA,CATARACT
18-29,22,30,4,2020-01-10,VA,CHOLECYSTECTOMY
18-29,6,7,3,2020-01-10,VA,CYSTOSCOPY
18-29,5,6,2,2020-01-10,VA,HYSTEROSCOPY
18-29,1,3,1,2020-01-10,VA,MASTECTOMY
30-39,4,7,2,2020-01-10,VA,CATARACT
30-39,12,15,2,2020-01-10,VA,CHOLECYSTECTOMY
30-39,11,12,5,2020-01-10,VA,CYSTOSCOPY
30-39,2,2,1,2020-01-10,VA,HIP REPLACEMENT
30-39,19,23,4,2020-01-10,VA,HYSTEROSCOPY
30-39,6,6,1,2020-01-10,VA,MASTECTOMY
40-49,12,19,13,2020-01-10,VA,CATARACT
40-49,16,18,4,2020-01-10,VA,CHOLECYSTECTOMY
40-49,19,21,3,2020-01-10,VA,CYSTOSCOPY
40-49,1,1,1,2020-01-10,VA,HIP REPLACEMENT
40-49,21,28,7,2020-01-10,VA,HYSTEROSCOPY
40-49,2,2,1,2020-01-10,VA,KNEE REPLACEMENT
40-49,19,27,3,2020-01-10,VA,MASTECTOMY
40-49,1,1,1,2020-01-10,VA,PROSTATECTOMY
50-64,1,2,1,2020-01-10,VA,CABG
50-64,122,154,20,2020-01-10,VA,CATARACT
50-64,37,54,5,2020-01-10,VA,CHOLECYSTECTOMY
50-64,71,78,5,2020-01-10,VA,CYSTOSCOPY
50-64,25,37,7,2020-01-10,VA,HIP REPLACEMENT
50-64,36,47,8,2020-01-10,VA,HYSTEROSCOPY
50-64,40,63,9,2020-01-10,VA,KNEE REPLACEMENT
50-64,30,35,7,2020-01-10,VA,MASTECTOMY
50-64,7,9,3,2020-01-10,VA,PROSTATECTOMY
65+,3,3,1,2020-01-10,VA,CABG
65+,520,688,20,2020-01-10,VA,CATARACT
65+,32,35,2,2020-01-10,VA,CHOLECYSTECTOMY
65+,1,1,1,2020-01-10,VA,COVID
65+,214,233,11,2020-01-10,VA,CYSTOSCOPY
65+,51,71,7,2020-01-10,VA,HIP REPLACEMENT
65+,10,11,2,2020-01-10,VA,HYSTEROSCOPY
65+,110,147,10,2020-01-10,VA,KNEE REPLACEMENT
65+,39,49,3,2020-01-10,VA,MASTECTOMY
65+,9,13,2,2020-01-10,VA,PROSTATECTOMY
18-29,25,36,5,2020-01-17,VA,CHOLECYSTECTOMY
18-29,6,8,2,2020-01-17,VA,CYSTOSCOPY
18-29,5,6,5,2020-01-17,VA,HYSTEROSCOPY
18-29,4,5,0,2020-01-17,VA,MASTECTOMY
30-39,4,6,4,2020-01-17,VA,CATARACT
30-39,34,47,5,2020-01-17,VA,CHOLECYSTECTOMY
30-39,6,7,3,2020-01-17,VA,CYSTOSCOPY
30-39,2,2,1,2020-01-17,VA,HIP REPLACEMENT
30-39,28,33,8,2020-01-17,VA,HYSTEROSCOPY
30-39,3,3,0,2020-01-17,VA,MASTECTOMY
40-49,12,16,4,2020-01-17,VA,CATARACT
40-49,24,32,7,2020-01-17,VA,CHOLECYSTECTOMY
40-49,31,33,4,2020-01-17,VA,CYSTOSCOPY
40-49,4,6,1,2020-01-17,VA,HIP REPLACEMENT
40-49,34,44,4,2020-01-17,VA,HYSTEROSCOPY
40-49,1,2,1,2020-01-17,VA,KNEE REPLACEMENT
40-49,15,18,5,2020-01-17,VA,MASTECTOMY
50-64,92,114,14,2020-01-17,VA,CATARACT
50-64,31,41,5,2020-01-17,VA,CHOLECYSTECTOMY
50-64,1,2,1,2020-01-17,VA,COVID
50-64,87,94,9,2020-01-17,VA,CYSTOSCOPY
50-64,33,58,6,2020-01-17,VA,HIP REPLACEMENT
50-64,36,44,5,2020-01-17,VA,HYSTEROSCOPY
50-64,48,67,10,2020-01-17,VA,KNEE REPLACEMENT
50-64,33,36,4,2020-01-17,VA,MASTECTOMY
50-64,13,17,2,2020-01-17,VA,PROSTATECTOMY
65+,1,1,1,2020-01-17,VA,CABG
65+,478,635,17,2020-01-17,VA,CATARACT
65+,47,60,3,2020-01-17,VA,CHOLECYSTECTOMY
65+,241,263,11,2020-01-17,VA,CYSTOSCOPY
65+,51,66,6,2020-01-17,VA,HIP REPLACEMENT
65+,17,23,2,2020-01-17,VA,HYSTEROSCOPY
65+,90,134,10,2020-01-17,VA,KNEE REPLACEMENT
65+,32,47,3,2020-01-17,VA,MASTECTOMY
65+,12,16,3,2020-01-17,VA,PROSTATECTOMY
18-29,1,1,1,2020-01-24,VA,CATARACT
18-29,17,24,4,2020-01-24,VA,CHOLECYSTECTOMY
18-29,4,6,2,2020-01-24,VA,CYSTOSCOPY
18-29,2,2,2,2020-01-24,VA,HYSTEROSCOPY
18-29,2,3,1,2020-01-24,VA,MASTECTOMY
30-39,3,5,3,2020-01-24,VA,CATARACT
30-39,23,29,4,2020-01-24,VA,CHOLECYSTECTOMY
30-39,13,14,4,2020-01-24,VA,CYSTOSCOPY
30-39,1,1,1,2020-01-24,VA,HIP REPLACEMENT
30-39,18,22,3,2020-01-24,VA,HYSTEROSCOPY
30-39,4,6,1,2020-01-24,VA,MASTECTOMY
40-49,5,7,2,2020-01-24,VA,CATARACT
40-49,22,26,3,2020-01-24,VA,CHOLECYSTECTOMY
40-49,22,22,4,2020-01-24,VA,CYSTOSCOPY
40-49,3,3,1,2020-01-24,VA,HIP REPLACEMENT
40-49,42,47,8,2020-01-24,VA,HYSTEROSCOPY
40-49,5,9,4,2020-01-24,VA,KNEE REPLACEMENT
40-49,20,23,2,2020-01-24,VA,MASTECTOMY
40-49,2,2,2,2020-01-24,VA,PROSTATECTOMY
50-64,111,147,14,2020-01-24,VA,CATARACT
50-64,35,50,4,2020-01-24,VA,CHOLECYSTECTOMY
50-64,77,80,7,2020-01-24,VA,CYSTOSCOPY
50-64,26,40,14,2020-01-24,VA,HIP REPLACEMENT
50-64,39,53,8,2020-01-24,VA,HYSTEROSCOPY
50-64,52,74,8,2020-01-24,VA,KNEE REPLACEMENT
50-64,35,44,4,2020-01-24,VA,MASTECTOMY
50-64,10,12,2,2020-01-24,VA,PROSTATECTOMY
65+,1,1,1,2020-01-24,VA,CABG
65+,485,631,18,2020-01-24,VA,CATARACT
65+,35,43,2,2020-01-24,VA,CHOLECYSTECTOMY
65+,228,240,15,2020-01-24,VA,CYSTOSCOPY
65+,51,69,5,2020-01-24,VA,HIP REPLACEMENT
65+,12,16,2,2020-01-24,VA,HYSTEROSCOPY
65+,117,172,11,2020-01-24,VA,KNEE REPLACEMENT
65+,36,50,3,2020-01-24,VA,MASTECTOMY
65+,7,8,1,2020-01-24,VA,PROSTATECTOMY
18-29,18,22,3,2020-01-31,VA,CHOLECYSTECTOMY
18-29,5,5,2,2020-01-31,VA,CYSTOSCOPY
18-29,2,3,2,2020-01-31,VA,HYSTEROSCOPY
30-39,2,3,2,2020-01-31,VA,CATARACT
30-39,25,31,7,2020-01-31,VA,CHOLECYSTECTOMY
30-39,12,14,2,2020-01-31,VA,CYSTOSCOPY
30-39,26,36,4,2020-01-31,VA,HYSTEROSCOPY
30-39,2,2,1,2020-01-31,VA,KNEE REPLACEMENT
40-49,5,7,3,2020-01-31,VA,CATARACT
40-49,20,27,4,2020-01-31,VA,CHOLECYSTECTOMY
40-49,28,32,4,2020-01-31,VA,CYSTOSCOPY
40-49,1,1,1,2020-01-31,VA,HIP REPLACEMENT
40-49,25,31,5,2020-01-31,VA,HYSTEROSCOPY
40-49,1,3,2,2020-01-31,VA,KNEE REPLACEMENT
40-49,14,27,5,2020-01-31,VA,MASTECTOMY
50-64,120,150,14,2020-01-31,VA,CATARACT
50-64,40,51,4,2020-01-31,VA,CHOLECYSTECTOMY
50-64,1,1,0,2020-01-31,VA,COVID
50-64,86,93,9,2020-01-31,VA,CYSTOSCOPY
50-64,30,49,5,2020-01-31,VA,HIP REPLACEMENT
50-64,40,51,9,2020-01-31,VA,HYSTEROSCOPY
50-64,51,73,9,2020-01-31,VA,KNEE REPLACEMENT
50-64,28,39,3,2020-01-31,VA,MASTECTOMY
50-64,10,17,3,2020-01-31,VA,PROSTATECTOMY
65+,399,536,18,2020-01-31,VA,CATARACT
65+,39,49,3,2020-01-31,VA,CHOLECYSTECTOMY
65+,215,223,10,2020-01-31,VA,CYSTOSCOPY
65+,58,80,6,2020-01-31,VA,HIP REPLACEMENT
65+,23,31,3,2020-01-31,VA,HYSTEROSCOPY
65+,99,135,11,2020-01-31,VA,KNEE REPLACEMENT
65+,27,35,3,2020-01-31,VA,MASTECTOMY
65+,9,10,2,2020-01-31,VA,PROSTATECTOMY
18-29,15,17,3,2020-02-07,VA,CHOLECYSTECTOMY
18-29,4,5,1,2020-02-07,VA,CYSTOSCOPY
18-29,1,5,1,2020-02-07,VA,HIP REPLACEMENT
18-29,10,13,3,2020-02-07,VA,HYSTEROSCOPY
18-29,4,8,1,2020-02-07,VA,MASTECTOMY
30-39,1,2,1,2020-02-07,VA,CATARACT
30-39,40,48,3,2020-02-07,VA,CHOLECYSTECTOMY
30-39,15,22,3,2020-02-07,VA,CYSTOSCOPY
30-39,29,36,5,2020-02-07,VA,HYSTEROSCOPY
30-39,2,2,1,2020-02-07,VA,MASTECTOMY
40-49,5,6,2,2020-02-07,VA,CATARACT
40-49,28,37,5,2020-02-07,VA,CHOLECYSTECTOMY
40-49,31,34,4,2020-02-07,VA,CYSTOSCOPY
40-49,5,9,1,2020-02-07,VA,HIP REPLACEMENT
40-49,26,34,4,2020-02-07,VA,HYSTEROSCOPY
40-49,4,6,2,2020-02-07,VA,KNEE REPLACEMENT
40-49,13,19,2,2020-02-07,VA,MASTECTOMY
50-64,98,128,10,2020-02-07,VA,CATARACT
50-64,36,49,3,2020-02-07,VA,CHOLECYSTECTOMY
50-64,74,80,6,2020-02-07,VA,CYSTOSCOPY
50-64,32,47,4,2020-02-07,VA,HIP REPLACEMENT
50-64,33,39,4,2020-02-07,VA,HYSTEROSCOPY
50-64,63,98,6,2020-02-07,VA,KNEE REPLACEMENT
50-64,27,34,3,2020-02-07,VA,MASTECTOMY
50-64,9,11,3,2020-02-07,VA,PROSTATECTOMY
65+,435,593,15,2020-02-07,VA,CATARACT
65+,38,47,2,2020-02-07,VA,CHOLECYSTECTOMY
65+,191,205,7,2020-02-07,VA,CYSTOSCOPY
65+,44,63,3,2020-02-07,VA,HIP REPLACEMENT
65+,13,16,2,2020-02-07,VA,HYSTEROSCOPY
65+,113,153,6,2020-02-07,VA,KNEE REPLACEMENT
65+,40,47,2,2020-02-07,VA,MASTECTOMY
65+,8,8,2,2020-02-07,VA,PROSTATECTOMY
18-29,1,1,1,2020-02-14,VA,CATARACT
18-29,20,28,4,2020-02-14,VA,CHOLECYSTECTOMY
18-29,3,3,3,2020-02-14,VA,CYSTOSCOPY
18-29,4,5,1,2020-02-14,VA,HYSTEROSCOPY
18-29,1,1,1,2020-02-14,VA,MASTECTOMY
30-39,1,2,1,2020-02-14,VA,CATARACT
30-39,25,34,4,2020-02-14,VA,CHOLECYSTECTOMY
30-39,5,5,2,2020-02-14,VA,CYSTOSCOPY
30-39,3,4,1,2020-02-14,VA,HIP REPLACEMENT
30-39,29,33,5,2020-02-14,VA,HYSTEROSCOPY
30-39,7,7,1,2020-02-14,VA,MASTECTOMY
40-49,7,10,8,2020-02-14,VA,CATARACT
40-49,27,36,3,2020-02-14,VA,CHOLECYSTECTOMY
40-49,18,18,8,2020-02-14,VA,CYSTOSCOPY
40-49,5,6,2,2020-02-14,VA,HIP REPLACEMENT
40-49,25,32,8,2020-02-14,VA,HYSTEROSCOPY
40-49,3,3,1,2020-02-14,VA,KNEE REPLACEMENT
40-49,14,19,3,2020-02-14,VA,MASTECTOMY
50-64,104,136,11,2020-02-14,VA,CATARACT
50-64,38,48,5,2020-02-14,VA,CHOLECYSTECTOMY
50-64,72,80,8,2020-02-14,VA,CYSTOSCOPY
50-64,40,52,7,2020-02-14,VA,HIP REPLACEMENT
50-64,37,49,8,2020-02-14,VA,HYSTEROSCOPY
50-64,50,73,7,2020-02-14,VA,KNEE REPLACEMENT
50-64,41,51,4,2020-02-14,VA,MASTECTOMY
50-64,8,11,4,2020-02-14,VA,PROSTATECTOMY
65+,1,2,2,2020-02-14,VA,CABG
65+,446,588,18,2020-02-14,VA,CATARACT
65+,30,36,3,2020-02-14,VA,CHOLECYSTECTOMY
65+,1,2,1,2020-02-14,VA,COSMETIC RECONSTRUCTION
65+,211,224,10,2020-02-14,VA,CYSTOSCOPY
65+,45,62,5,2020-02-14,VA,HIP REPLACEMENT
65+,18,21,4,2020-02-14,VA,HYSTEROSCOPY
65+,133,177,12,2020-02-14,VA,KNEE REPLACEMENT
65+,27,31,2,2020-02-14,VA,MASTECTOMY
65+,5,7,3,2020-02-14,VA,PROSTATECTOMY
18-29,2,3,0,2020-02-21,VA,CATARACT
18-29,22,31,3,2020-02-21,VA,CHOLECYSTECTOMY
18-29,3,3,1,2020-02-21,VA,CYSTOSCOPY
18-29,8,9,2,2020-02-21,VA,HYSTEROSCOPY
18-29,3,3,0,2020-02-21,VA,MASTECTOMY
30-39,2,5,3,2020-02-21,VA,CATARACT
30-39,34,44,3,2020-02-21,VA,CHOLECYSTECTOMY
30-39,10,10,9,2020-02-21,VA,CYSTOSCOPY
30-39,1,2,1,2020-02-21,VA,HIP REPLACEMENT
30-39,33,39,9,2020-02-21,VA,HYSTEROSCOPY
30-39,5,7,1,2020-02-21,VA,MASTECTOMY
40-49,6,8,6,2020-02-21,VA,CATARACT
40-49,24,26,4,2020-02-21,VA,CHOLECYSTECTOMY
40-49,21,22,3,2020-02-21,VA,CYSTOSCOPY
40-49,8,10,4,2020-02-21,VA,HIP REPLACEMENT
40-49,36,40,8,2020-02-21,VA,HYSTEROSCOPY
40-49,6,6,3,2020-02-21,VA,KNEE REPLACEMENT
40-49,18,24,3,2020-02-21,VA,MASTECTOMY
50-64,128,179,11,2020-02-21,VA,CATARACT
50-64,43,56,4,2020-02-21,VA,CHOLECYSTECTOMY
50-64,61,66,6,2020-02-21,VA,CYSTOSCOPY
50-64,25,39,5,2020-02-21,VA,HIP REPLACEMENT
50-64,46,58,13,2020-02-21,VA,HYSTEROSCOPY
50-64,51,69,8,2020-02-21,VA,KNEE REPLACEMENT
50-64,40,48,5,2020-02-21,VA,MASTECTOMY
50-64,5,7,2,2020-02-21,VA,PROSTATECTOMY
65+,445,601,14,2020-02-21,VA,CATARACT
65+,42,53,3,2020-02-21,VA,CHOLECYSTECTOMY
65+,226,240,8,2020-02-21,VA,CYSTOSCOPY
65+,57,76,7,2020-02-21,VA,HIP REPLACEMENT
65+,20,23,2,2020-02-21,VA,HYSTEROSCOPY
65+,122,163,12,2020-02-21,VA,KNEE REPLACEMENT
65+,35,42,3,2020-02-21,VA,MASTECTOMY
65+,9,13,3,2020-02-21,VA,PROSTATECTOMY
18-29,22,32,4,2020-02-28,VA,CHOLECYSTECTOMY
18-29,4,5,2,2020-02-28,VA,CYSTOSCOPY
18-29,5,5,1,2020-02-28,VA,HYSTEROSCOPY
18-29,1,1,1,2020-02-28,VA,MASTECTOMY
30-39,1,3,1,2020-02-28,VA,CATARACT
30-39,28,33,3,2020-02-28,VA,CHOLECYSTECTOMY
30-39,8,10,4,2020-02-28,VA,CYSTOSCOPY
30-39,1,2,1,2020-02-28,VA,HIP REPLACEMENT
30-39,30,34,7,2020-02-28,VA,HYSTEROSCOPY
30-39,12,13,2,2020-02-28,VA,MASTECTOMY
40-49,9,12,3,2020-02-28,VA,CATARACT
40-49,26,34,4,2020-02-28,VA,CHOLECYSTECTOMY
40-49,31,36,6,2020-02-28,VA,CYSTOSCOPY
40-49,5,9,2,2020-02-28,VA,HIP REPLACEMENT
40-49,37,47,8,2020-02-28,VA,HYSTEROSCOPY
40-49,6,9,4,2020-02-28,VA,KNEE REPLACEMENT
40-49,14,18,5,2020-02-28,VA,MASTECTOMY
50-64,117,148,16,2020-02-28,VA,CATARACT
50-64,45,58,4,2020-02-28,VA,CHOLECYSTECTOMY
50-64,81,87,7,2020-02-28,VA,CYSTOSCOPY
50-64,41,56,14,2020-02-28,VA,HIP REPLACEMENT
50-64,44,55,8,2020-02-28,VA,HYSTEROSCOPY
50-64,48,77,7,2020-02-28,VA,KNEE REPLACEMENT
50-64,29,33,3,2020-02-28,VA,MASTECTOMY
50-64,16,21,5,2020-02-28,VA,PROSTATECTOMY
65+,1,2,2,2020-02-28,VA,CABG
65+,443,583,17,2020-02-28,VA,CATARACT
65+,36,41,4,2020-02-28,VA,CHOLECYSTECTOMY
65+,1,1,1,2020-02-28,VA,COVID
65+,213,233,11,2020-02-28,VA,CYSTOSCOPY
65+,42,53,5,2020-02-28,VA,HIP REPLACEMENT
65+,9,12,2,2020-02-28,VA,HYSTEROSCOPY
65+,108,159,10,2020-02-28,VA,KNEE REPLACEMENT
65+,27,31,3,2020-02-28,VA,MASTECTOMY
65+,9,15,5,2020-02-28,VA,PROSTATECTOMY
18-29,21,28,3,2020-03-06,VA,CHOLECYSTECTOMY
18-29,4,5,2,2020-03-06,VA,CYSTOSCOPY
18-29,7,9,1,2020-03-06,VA,HYSTEROSCOPY
18-29,4,7,0,2020-03-06,VA,MASTECTOMY
30-39,4,8,1,2020-03-06,VA,CATARACT
30-39,19,27,2,2020-03-06,VA,CHOLECYSTECTOMY
30-39,12,15,2,2020-03-06,VA,CYSTOSCOPY
30-39,3,5,4,2020-03-06,VA,HIP REPLACEMENT
30-39,32,37,3,2020-03-06,VA,HYSTEROSCOPY
30-39,1,1,1,2020-03-06,VA,KNEE REPLACEMENT
30-39,1,1,1,2020-03-06,VA,MASTECTOMY
40-49,8,12,4,2020-03-06,VA,CATARACT
40-49,39,53,3,2020-03-06,VA,CHOLECYSTECTOMY
40-49,33,35,5,2020-03-06,VA,CYSTOSCOPY
40-49,6,11,4,2020-03-06,VA,HIP REPLACEMENT
40-49,34,38,4,2020-03-06,VA,HYSTEROSCOPY
40-49,3,4,2,2020-03-06,VA,KNEE REPLACEMENT
40-49,16,18,2,2020-03-06,VA,MASTECTOMY
40-49,3,3,1,2020-03-06,VA,PROSTATECTOMY
50-64,117,152,9,2020-03-06,VA,CATARACT
50-64,35,52,4,2020-03-06,VA,CHOLECYSTECTOMY
50-64,85,97,6,2020-03-06,VA,CYSTOSCOPY
50-64,32,54,4,2020-03-06,VA,HIP REPLACEMENT
50-64,37,54,4,2020-03-06,VA,HYSTEROSCOPY
50-64,62,99,9,2020-03-06,VA,KNEE REPLACEMENT
50-64,31,35,2,2020-03-06,VA,MASTECTOMY
50-64,5,5,2,2020-03-06,VA,PROSTATECTOMY
65+,482,638,10,2020-03-06,VA,CATARACT
65+,38,45,2,2020-03-06,VA,CHOLECYSTECTOMY
65+,1,1,1,2020-03-06,VA,COVID
65+,205,212,7,2020-03-06,VA,CYSTOSCOPY
65+,33,47,3,2020-03-06,VA,HIP REPLACEMENT
65+,12,18,2,2020-03-06,VA,HYSTEROSCOPY
65+,118,152,8,2020-03-06,VA,KNEE REPLACEMENT
65+,20,23,1,2020-03-06,VA,MASTECTOMY
65+,8,11,2,2020-03-06,VA,PROSTATECTOMY
18-29,2,6,1,2020-03-13,VA,CATARACT
18-29,24,31,5,2020-03-13,VA,CHOLECYSTECTOMY
18-29,3,3,3,2020-03-13,VA,CYSTOSCOPY
18-29,1,1,1,2020-03-13,VA,HIP REPLACEMENT
18-29,5,6,2,2020-03-13,VA,HYSTEROSCOPY
30-39,3,4,2,2020-03-13,VA,CATARACT
30-39,26,39,5,2020-03-13,VA,CHOLECYSTECTOMY
30-39,8,9,4,2020-03-13,VA,CYSTOSCOPY
30-39,1,1,1,2020-03-13,VA,HIP REPLACEMENT
30-39,25,31,5,2020-03-13,VA,HYSTEROSCOPY
30-39,2,2,1,2020-03-13,VA,MASTECTOMY
40-49,12,18,14,2020-03-13,VA,CATARACT
40-49,36,45,4,2020-03-13,VA,CHOLECYSTECTOMY
40-49,21,24,8,2020-03-13,VA,CYSTOSCOPY
40-49,6,9,2,2020-03-13,VA,HIP REPLACEMENT
40-49,37,47,8,2020-03-13,VA,HYSTEROSCOPY
40-49,2,7,2,2020-03-13,VA,KNEE REPLACEMENT
40-49,21,23,4,2020-03-13,VA,MASTECTOMY
50-64,2,3,2,2020-03-13,VA,CABG
50-64,132,172,20,2020-03-13,VA,CATARACT
50-64,48,59,4,2020-03-13,VA,CHOLECYSTECTOMY
50-64,1,1,1,2020-03-13,VA,COVID
50-64,82,89,7,2020-03-13,VA,CYSTOSCOPY
50-64,32,43,6,2020-03-13,VA,HIP REPLACEMENT
50-64,46,56,9,2020-03-13,VA,HYSTEROSCOPY
50-64,56,79,7,2020-03-13,VA,KNEE REPLACEMENT
50-64,34,41,3,2020-03-13,VA,MASTECTOMY
50-64,11,13,3,2020-03-13,VA,PROSTATECTOMY
65+,1,2,2,2020-03-13,VA,CABG
65+,429,569,20,2020-03-13,VA,CATARACT
65+,26,28,2,2020-03-13,VA,CHOLECYSTECTOMY
65+,164,188,9,2020-03-13,VA,CYSTOSCOPY
65+,52,71,7,2020-03-13,VA,HIP REPLACEMENT
65+,16,18,4,2020-03-13,VA,HYSTEROSCOPY
65+,99,144,12,2020-03-13,VA,KNEE REPLACEMENT
65+,36,48,3,2020-03-13,VA,MASTECTOMY
65+,7,8,3,2020-03-13,VA,PROSTATECTOMY
18-29,24,39,5,2020-03-20,VA,CHOLECYSTECTOMY
18-29,1,1,1,2020-03-20,VA,COVID
18-29,1,1,1,2020-03-20,VA,CYSTOSCOPY
18-29,1,2,1,2020-03-20,VA,HIP REPLACEMENT
18-29,9,13,2,2020-03-20,VA,HYSTEROSCOPY
30-39,1,1,1,2020-03-20,VA,CATARACT
30-39,17,31,6,2020-03-20,VA,CHOLECYSTECTOMY
30-39,6,6,3,2020-03-20,VA,CYSTOSCOPY
30-39,28,31,5,2020-03-20,VA,HYSTEROSCOPY
30-39,3,4,2,2020-03-20,VA,MASTECTOMY
40-49,6,6,3,2020-03-20,VA,CATARACT
40-49,15,16,2,2020-03-20,VA,CHOLECYSTECTOMY
40-49,17,18,4,2020-03-20,VA,CYSTOSCOPY
40-49,2,2,2,2020-03-20,VA,HIP REPLACEMENT
40-49,29,34,9,2020-03-20,VA,HYSTEROSCOPY
40-49,2,2,1,2020-03-20,VA,KNEE REPLACEMENT
40-49,17,22,5,2020-03-20,VA,MASTECTOMY
50-64,79,110,9,2020-03-20,VA,CATARACT
50-64,59,78,5,2020-03-20,VA,CHOLECYSTECTOMY
50-64,1,1,1,2020-03-20,VA,COVID
50-64,56,59,6,2020-03-20,VA,CYSTOSCOPY
50-64,28,41,5,2020-03-20,VA,HIP REPLACEMENT
50-64,41,45,8,2020-03-20,VA,HYSTEROSCOPY
50-64,40,56,5,2020-03-20,VA,KNEE REPLACEMENT
50-64,38,45,3,2020-03-20,VA,MASTECTOMY
50-64,3,3,1,2020-03-20,VA,PROSTATECTOMY
65+,256,356,13,2020-03-20,VA,CATARACT
65+,27,31,2,2020-03-20,VA,CHOLECYSTECTOMY
65+,3,3,3,2020-03-20,VA,COVID
65+,132,137,7,2020-03-20,VA,CYSTOSCOPY
65+,47,67,6,2020-03-20,VA,HIP REPLACEMENT
65+,15,16,2,2020-03-20,VA,HYSTEROSCOPY
65+,97,135,8,2020-03-20,VA,KNEE REPLACEMENT
65+,37,53,3,2020-03-20,VA,MASTECTOMY
65+,10,12,2,2020-03-20,VA,PROSTATECTOMY
18-29,12,21,7,2020-03-27,VA,CHOLECYSTECTOMY
18-29,3,3,3,2020-03-27,VA,COVID
18-29,3,3,1,2020-03-27,VA,CYSTOSCOPY
18-29,11,12,3,2020-03-27,VA,HYSTEROSCOPY
30-39,1,1,1,2020-03-27,VA,CATARACT
30-39,22,32,4,2020-03-27,VA,CHOLECYSTECTOMY
30-39,1,3,1,2020-03-27,VA,COVID
30-39,3,3,3,2020-03-27,VA,CYSTOSCOPY
30-39,16,17,4,2020-03-27,VA,HYSTEROSCOPY
30-39,4,5,0,2020-03-27,VA,MASTECTOMY
40-49,3,4,3,2020-03-27,VA,CATARACT
40-49,18,30,4,2020-03-27,VA,CHOLECYSTECTOMY
40-49,7,12,9,2020-03-27,VA,COVID
40-49,12,12,3,2020-03-27,VA,CYSTOSCOPY
40-49,3,3,3,2020-03-27,VA,HIP REPLACEMENT
40-49,21,25,5,2020-03-27,VA,HYSTEROSCOPY
40-49,16,19,3,2020-03-27,VA,MASTECTOMY
40-49,1,1,1,2020-03-27,VA,PROSTATECTOMY
50-64,11,14,4,2020-03-27,VA,CATARACT
50-64,33,44,3,2020-03-27,VA,CHOLECYSTECTOMY
50-64,22,23,10,2020-03-27,VA,COVID
50-64,36,40,4,2020-03-27,VA,CYSTOSCOPY
50-64,14,20,1,2020-03-27,VA,HIP REPLACEMENT
50-64,26,32,11,2020-03-27,VA,HYSTEROSCOPY
50-64,14,17,4,2020-03-27,VA,KNEE REPLACEMENT
50-64,39,46,4,2020-03-27,VA,MASTECTOMY
50-64,8,11,4,2020-03-27,VA,PROSTATECTOMY
65+,27,32,2,2020-03-27,VA,CATARACT
65+,24,29,2,2020-03-27,VA,CHOLECYSTECTOMY
65+,31,48,27,2020-03-27,VA,COVID
65+,81,85,6,2020-03-27,VA,CYSTOSCOPY
65+,14,18,2,2020-03-27,VA,HIP REPLACEMENT
65+,10,12,2,2020-03-27,VA,HYSTEROSCOPY
65+,11,14,1,2020-03-27,VA,KNEE REPLACEMENT
65+,34,41,4,2020-03-27,VA,MASTECTOMY
65+,8,10,2,2020-03-27,VA,PROSTATECTOMY
18-29,11,15,2,2020-04-03,VA,CHOLECYSTECTOMY
18-29,12,17,14,2020-04-03,VA,COVID
18-29,2,3,2,2020-04-03,VA,CYSTOSCOPY
18-29,3,3,1,2020-04-03,VA,HYSTEROSCOPY
30-39,11,14,1,2020-04-03,VA,CHOLECYSTECTOMY
30-39,29,41,31,2020-04-03,VA,COVID
30-39,2,2,2,2020-04-03,VA,CYSTOSCOPY
30-39,4,5,1,2020-04-03,VA,HYSTEROSCOPY
30-39,9,14,2,2020-04-03,VA,MASTECTOMY
40-49,1,1,1,2020-04-03,VA,CATARACT
40-49,13,18,2,2020-04-03,VA,CHOLECYSTECTOMY
40-49,50,82,52,2020-04-03,VA,COVID
40-49,13,15,2,2020-04-03,VA,CYSTOSCOPY
40-49,13,14,2,2020-04-03,VA,HYSTEROSCOPY
40-49,13,15,1,2020-04-03,VA,MASTECTOMY
50-64,1,2,1,2020-04-03,VA,CABG
50-64,4,5,2,2020-04-03,VA,CATARACT
50-64,16,23,2,2020-04-03,VA,CHOLECYSTECTOMY
50-64,142,270,81,2020-04-03,VA,COVID
50-64,38,39,6,2020-04-03,VA,CYSTOSCOPY
50-64,3,5,2,2020-04-03,VA,HIP REPLACEMENT
50-64,15,23,3,2020-04-03,VA,HYSTEROSCOPY
50-64,44,51,4,2020-04-03,VA,MASTECTOMY
50-64,5,5,1,2020-04-03,VA,PROSTATECTOMY
65+,1,2,1,2020-04-03,VA,CABG
65+,3,4,1,2020-04-03,VA,CATARACT
65+,8,11,1,2020-04-03,VA,CHOLECYSTECTOMY
65+,233,394,188,2020-04-03,VA,COVID
65+,74,76,4,2020-04-03,VA,CYSTOSCOPY
65+,3,6,3,2020-04-03,VA,HIP REPLACEMENT
65+,5,5,1,2020-04-03,VA,HYSTEROSCOPY
65+,35,47,2,2020-04-03,VA,MASTECTOMY
65+,9,9,1,2020-04-03,VA,PROSTATECTOMY
18-29,6,6,2,2020-04-10,VA,CHOLECYSTECTOMY
18-29,54,95,60,2020-04-10,VA,COVID
18-29,2,2,2,2020-04-10,VA,CYSTOSCOPY
18-29,1,1,1,2020-04-10,VA,HYSTEROSCOPY
30-39,1,1,1,2020-04-10,VA,CATARACT
30-39,7,8,2,2020-04-10,VA,CHOLECYSTECTOMY
30-39,99,169,107,2020-04-10,VA,COVID
30-39,7,8,2,2020-04-10,VA,CYSTOSCOPY
30-39,2,2,1,2020-04-10,VA,HIP REPLACEMENT
30-39,8,9,3,2020-04-10,VA,HYSTEROSCOPY
40-49,1,1,1,2020-04-10,VA,CATARACT
40-49,11,15,6,2020-04-10,VA,CHOLECYSTECTOMY
40-49,105,226,123,2020-04-10,VA,COVID
40-49,8,9,5,2020-04-10,VA,CYSTOSCOPY
40-49,5,9,2,2020-04-10,VA,HYSTEROSCOPY
40-49,10,11,9,2020-04-10,VA,MASTECTOMY
40-49,1,1,0,2020-04-10,VA,PROSTATECTOMY
50-64,1,2,1,2020-04-10,VA,CATARACT
50-64,19,22,3,2020-04-10,VA,CHOLECYSTECTOMY
50-64,287,725,181,2020-04-10,VA,COVID
50-64,24,25,3,2020-04-10,VA,CYSTOSCOPY
50-64,2,3,2,2020-04-10,VA,HIP REPLACEMENT
50-64,6,8,6,2020-04-10,VA,HYSTEROSCOPY
50-64,41,45,3,2020-04-10,VA,MASTECTOMY
50-64,10,14,3,2020-04-10,VA,PROSTATECTOMY
65+,8,9,3,2020-04-10,VA,CATARACT
65+,15,18,1,2020-04-10,VA,CHOLECYSTECTOMY
65+,279,768,305,2020-04-10,VA,COVID
65+,69,74,6,2020-04-10,VA,CYSTOSCOPY
65+,3,4,1,2020-04-10,VA,HIP REPLACEMENT
65+,5,7,1,2020-04-10,VA,HYSTEROSCOPY
65+,31,39,2,2020-04-10,VA,MASTECTOMY
65+,7,8,2,2020-04-10,VA,PROSTATECTOMY
18-29,8,8,3,2020-04-17,VA,CHOLECYSTECTOMY
18-29,51,67,49,2020-04-17,VA,COVID
18-29,2,3,1,2020-04-17,VA,CYSTOSCOPY
18-29,3,4,1,2020-04-17,VA,HYSTEROSCOPY
30-39,12,18,4,2020-04-17,VA,CHOLECYSTECTOMY
30-39,114,173,108,2020-04-17,VA,COVID
30-39,5,6,2,2020-04-17,VA,CYSTOSCOPY
30-39,3,3,1,2020-04-17,VA,HYSTEROSCOPY
30-39,2,2,0,2020-04-17,VA,MASTECTOMY
40-49,4,4,1,2020-04-17,VA,CHOLECYSTECTOMY
40-49,157,266,162,2020-04-17,VA,COVID
40-49,11,12,5,2020-04-17,VA,CYSTOSCOPY
40-49,5,5,1,2020-04-17,VA,HYSTEROSCOPY
40-49,12,19,3,2020-04-17,VA,MASTECTOMY
50-64,19,24,3,2020-04-17,VA,CHOLECYSTECTOMY
50-64,353,764,198,2020-04-17,VA,COVID
50-64,27,30,4,2020-04-17,VA,CYSTOSCOPY
50-64,1,1,1,2020-04-17,VA,HIP REPLACEMENT
50-64,9,10,3,2020-04-17,VA,HYSTEROSCOPY
50-64,33,46,7,2020-04-17,VA,MASTECTOMY
50-64,6,9,2,2020-04-17,VA,PROSTATECTOMY
65+,4,4,1,2020-04-17,VA,CATARACT
65+,11,14,2,2020-04-17,VA,CHOLECYSTECTOMY
65+,395,966,377,2020-04-17,VA,COVID
65+,85,91,5,2020-04-17,VA,CYSTOSCOPY
65+,2,4,1,2020-04-17,VA,HIP REPLACEMENT
65+,1,1,1,2020-04-17,VA,HYSTEROSCOPY
65+,27,40,2,2020-04-17,VA,MASTECTOMY
65+,7,9,2,2020-04-17,VA,PROSTATECTOMY
18-29,18,28,2,2020-04-24,VA,CHOLECYSTECTOMY
18-29,93,125,93,2020-04-24,VA,COVID
18-29,4,6,1,2020-04-24,VA,CYSTOSCOPY
18-29,5,5,1,2020-04-24,VA,HYSTEROSCOPY
30-39,12,16,2,2020-04-24,VA,CHOLECYSTECTOMY
30-39,184,261,154,2020-04-24,VA,COVID
30-39,2,3,2,2020-04-24,VA,CYSTOSCOPY
30-39,12,15,2,2020-04-24,VA,HYSTEROSCOPY
30-39,2,2,2,2020-04-24,VA,MASTECTOMY
40-49,1,2,2,2020-04-24,VA,CATARACT
40-49,12,16,4,2020-04-24,VA,CHOLECYSTECTOMY
40-49,227,364,206,2020-04-24,VA,COVID
40-49,15,17,7,2020-04-24,VA,CYSTOSCOPY
40-49,14,18,6,2020-04-24,VA,HYSTEROSCOPY
40-49,11,14,2,2020-04-24,VA,MASTECTOMY
50-64,2,2,1,2020-04-24,VA,CATARACT
50-64,19,23,3,2020-04-24,VA,CHOLECYSTECTOMY
50-64,438,970,229,2020-04-24,VA,COVID
50-64,41,43,6,2020-04-24,VA,CYSTOSCOPY
50-64,4,5,1,2020-04-24,VA,HIP REPLACEMENT
50-64,17,20,5,2020-04-24,VA,HYSTEROSCOPY
50-64,17,22,4,2020-04-24,VA,MASTECTOMY
50-64,2,4,2,2020-04-24,VA,PROSTATECTOMY
65+,2,3,2,2020-04-24,VA,CATARACT
65+,18,22,2,2020-04-24,VA,CHOLECYSTECTOMY
65+,545,1262,493,2020-04-24,VA,COVID
65+,77,80,6,2020-04-24,VA,CYSTOSCOPY
65+,2,5,2,2020-04-24,VA,HIP REPLACEMENT
65+,4,4,1,2020-04-24,VA,HYSTEROSCOPY
65+,25,35,1,2020-04-24,VA,MASTECTOMY
65+,9,12,2,2020-04-24,VA,PROSTATECTOMY
18-29,15,21,3,2020-05-01,VA,CHOLECYSTECTOMY
18-29,136,193,115,2020-05-01,VA,COVID
18-29,4,4,4,2020-05-01,VA,CYSTOSCOPY
18-29,2,2,2,2020-05-01,VA,HYSTEROSCOPY
30-39,21,31,4,2020-05-01,VA,CHOLECYSTECTOMY
30-39,199,308,190,2020-05-01,VA,COVID
30-39,8,10,4,2020-05-01,VA,CYSTOSCOPY
30-39,1,2,2,2020-05-01,VA,HIP REPLACEMENT
30-39,7,7,2,2020-05-01,VA,HYSTEROSCOPY
30-39,3,4,0,2020-05-01,VA,MASTECTOMY
40-49,27,38,5,2020-05-01,VA,CHOLECYSTECTOMY
40-49,270,425,241,2020-05-01,VA,COVID
40-49,9,10,3,2020-05-01,VA,CYSTOSCOPY
40-49,13,15,5,2020-05-01,VA,HYSTEROSCOPY
40-49,6,10,2,2020-05-01,VA,MASTECTOMY
40-49,1,1,1,2020-05-01,VA,PROSTATECTOMY
50-64,4,4,4,2020-05-01,VA,CATARACT
50-64,32,40,4,2020-05-01,VA,CHOLECYSTECTOMY
50-64,515,1109,279,2020-05-01,VA,COVID
50-64,37,37,7,2020-05-01,VA,CYSTOSCOPY
50-64,2,2,2,2020-05-01,VA,HIP REPLACEMENT
50-64,5,6,1,2020-05-01,VA,HYSTEROSCOPY
50-64,2,2,2,2020-05-01,VA,KNEE REPLACEMENT
50-64,24,29,4,2020-05-01,VA,MASTECTOMY
50-64,12,14,3,2020-05-01,VA,PROSTATECTOMY
65+,4,4,2,2020-05-01,VA,CATARACT
65+,13,17,1,2020-05-01,VA,CHOLECYSTECTOMY
65+,733,1677,571,2020-05-01,VA,COVID
65+,92,98,6,2020-05-01,VA,CYSTOSCOPY
65+,6,6,1,2020-05-01,VA,HIP REPLACEMENT
65+,5,9,2,2020-05-01,VA,HYSTEROSCOPY
65+,4,7,3,2020-05-01,VA,KNEE REPLACEMENT
65+,17,26,5,2020-05-01,VA,MASTECTOMY
65+,12,18,3,2020-05-01,VA,PROSTATECTOMY
18-29,3,5,1,2020-05-08,VA,CATARACT
18-29,13,16,2,2020-05-08,VA,CHOLECYSTECTOMY
18-29,171,229,153,2020-05-08,VA,COVID
18-29,5,5,5,2020-05-08,VA,CYSTOSCOPY
18-29,1,1,1,2020-05-08,VA,HIP REPLACEMENT
18-29,6,6,1,2020-05-08,VA,HYSTEROSCOPY
18-29,3,3,3,2020-05-08,VA,MASTECTOMY
30-39,30,37,4,2020-05-08,VA,CHOLECYSTECTOMY
30-39,239,377,213,2020-05-08,VA,COVID
30-39,5,5,2,2020-05-08,VA,CYSTOSCOPY
30-39,8,9,2,2020-05-08,VA,HYSTEROSCOPY
30-39,1,1,1,2020-05-08,VA,KNEE REPLACEMENT
30-39,1,1,1,2020-05-08,VA,MASTECTOMY
40-49,10,10,1,2020-05-08,VA,CATARACT
40-49,17,23,4,2020-05-08,VA,CHOLECYSTECTOMY
40-49,332,494,265,2020-05-08,VA,COVID
40-49,8,8,2,2020-05-08,VA,CYSTOSCOPY
40-49,6,7,1,2020-05-08,VA,HIP REPLACEMENT
40-49,18,20,3,2020-05-08,VA,HYSTEROSCOPY
40-49,1,1,1,2020-05-08,VA,KNEE REPLACEMENT
40-49,15,19,3,2020-05-08,VA,MASTECTOMY
40-49,1,1,1,2020-05-08,VA,PROSTATECTOMY
50-64,45,62,10,2020-05-08,VA,CATARACT
50-64,28,42,4,2020-05-08,VA,CHOLECYSTECTOMY
50-64,564,1155,299,2020-05-08,VA,COVID
50-64,45,47,6,2020-05-08,VA,CYSTOSCOPY
50-64,31,37,7,2020-05-08,VA,HIP REPLACEMENT
50-64,16,20,4,2020-05-08,VA,HYSTEROSCOPY
50-64,24,33,8,2020-05-08,VA,KNEE REPLACEMENT
50-64,27,35,5,2020-05-08,VA,MASTECTOMY
50-64,11,16,5,2020-05-08,VA,PROSTATECTOMY
65+,138,197,7,2020-05-08,VA,CATARACT
65+,26,33,3,2020-05-08,VA,CHOLECYSTECTOMY
65+,657,1569,545,2020-05-08,VA,COVID
65+,114,121,9,2020-05-08,VA,CYSTOSCOPY
65+,30,39,3,2020-05-08,VA,HIP REPLACEMENT
65+,5,5,2,2020-05-08,VA,HYSTEROSCOPY
65+,30,41,4,2020-05-08,VA,KNEE REPLACEMENT
65+,28,41,2,2020-05-08,VA,MASTECTOMY
65+,9,13,1,2020-05-08,VA,PROSTATECTOMY
18-29,1,1,1,2020-05-15,VA,CATARACT
18-29,27,32,4,2020-05-15,VA,CHOLECYSTECTOMY
18-29,179,243,155,2020-05-15,VA,COVID
18-29,4,4,4,2020-05-15,VA,CYSTOSCOPY
18-29,1,2,1,2020-05-15,VA,HIP REPLACEMENT
18-29,9,12,4,2020-05-15,VA,HYSTEROSCOPY
18-29,1,1,1,2020-05-15,VA,MASTECTOMY
30-39,1,2,2,2020-05-15,VA,CATARACT
30-39,25,37,5,2020-05-15,VA,CHOLECYSTECTOMY
30-39,257,396,213,2020-05-15,VA,COVID
30-39,8,8,3,2020-05-15,VA,CYSTOSCOPY
30-39,3,5,2,2020-05-15,VA,HIP REPLACEMENT
30-39,19,22,4,2020-05-15,VA,HYSTEROSCOPY
30-39,5,7,1,2020-05-15,VA,MASTECTOMY
40-49,4,4,4,2020-05-15,VA,CATARACT
40-49,24,32,4,2020-05-15,VA,CHOLECYSTECTOMY
40-49,335,531,286,2020-05-15,VA,COVID
40-49,14,16,3,2020-05-15,VA,CYSTOSCOPY
40-49,9,11,4,2020-05-15,VA,HIP REPLACEMENT
40-49,21,27,3,2020-05-15,VA,HYSTEROSCOPY
40-49,6,8,2,2020-05-15,VA,KNEE REPLACEMENT
40-49,19,24,5,2020-05-15,VA,MASTECTOMY
40-49,2,4,1,2020-05-15,VA,PROSTATECTOMY
50-64,74,100,10,2020-05-15,VA,CATARACT
50-64,43,57,5,2020-05-15,VA,CHOLECYSTECTOMY
50-64,598,1169,295,2020-05-15,VA,COVID
50-64,59,66,7,2020-05-15,VA,CYSTOSCOPY
50-64,28,36,4,2020-05-15,VA,HIP REPLACEMENT
50-64,15,16,7,2020-05-15,VA,HYSTEROSCOPY
50-64,34,58,5,2020-05-15,VA,KNEE REPLACEMENT
50-64,16,23,3,2020-05-15,VA,MASTECTOMY
50-64,5,6,2,2020-05-15,VA,PROSTATECTOMY
65+,202,286,13,2020-05-15,VA,CATARACT
65+,34,42,2,2020-05-15,VA,CHOLECYSTECTOMY
65+,664,1596,508,2020-05-15,VA,COVID
65+,130,135,9,2020-05-15,VA,CYSTOSCOPY
65+,29,40,4,2020-05-15,VA,HIP REPLACEMENT
65+,11,13,1,2020-05-15,VA,HYSTEROSCOPY
65+,52,74,5,2020-05-15,VA,KNEE REPLACEMENT
65+,17,21,5,2020-05-15,VA,MASTECTOMY
65+,17,19,3,2020-05-15,VA,PROSTATECTOMY
18-29,1,1,1,2020-05-22,VA,CATARACT
18-29,22,30,7,2020-05-22,VA,CHOLECYSTECTOMY
18-29,231,302,171,2020-05-22,VA,COVID
18-29,5,6,1,2020-05-22,VA,CYSTOSCOPY
18-29,11,12,5,2020-05-22,VA,HYSTEROSCOPY
18-29,3,4,1,2020-05-22,VA,MASTECTOMY
30-39,1,1,1,2020-05-22,VA,CATARACT
30-39,23,31,3,2020-05-22,VA,CHOLECYSTECTOMY
30-39,283,436,225,2020-05-22,VA,COVID
30-39,13,15,6,2020-05-22,VA,CYSTOSCOPY
30-39,1,1,1,2020-05-22,VA,HIP REPLACEMENT
30-39,18,22,5,2020-05-22,VA,HYSTEROSCOPY
30-39,1,1,1,2020-05-22,VA,MASTECTOMY
40-49,6,7,2,2020-05-22,VA,CATARACT
40-49,25,38,3,2020-05-22,VA,CHOLECYSTECTOMY
40-49,364,598,290,2020-05-22,VA,COVID
40-49,17,18,3,2020-05-22,VA,CYSTOSCOPY
40-49,4,6,1,2020-05-22,VA,HIP REPLACEMENT
40-49,32,42,15,2020-05-22,VA,HYSTEROSCOPY
40-49,7,16,3,2020-05-22,VA,KNEE REPLACEMENT
40-49,12,15,3,2020-05-22,VA,MASTECTOMY
50-64,3,4,1,2020-05-22,VA,CABG
50-64,82,106,8,2020-05-22,VA,CATARACT
50-64,43,61,4,2020-05-22,VA,CHOLECYSTECTOMY
50-64,663,1254,324,2020-05-22,VA,COVID
50-64,69,81,6,2020-05-22,VA,CYSTOSCOPY
50-64,36,40,10,2020-05-22,VA,HIP REPLACEMENT
50-64,32,43,7,2020-05-22,VA,HYSTEROSCOPY
50-64,51,75,7,2020-05-22,VA,KNEE REPLACEMENT
50-64,29,34,5,2020-05-22,VA,MASTECTOMY
50-64,9,14,3,2020-05-22,VA,PROSTATECTOMY
65+,1,2,2,2020-05-22,VA,CABG
65+,297,392,17,2020-05-22,VA,CATARACT
65+,22,26,2,2020-05-22,VA,CHOLECYSTECTOMY
65+,730,1720,574,2020-05-22,VA,COVID
65+,150,154,8,2020-05-22,VA,CYSTOSCOPY
65+,40,60,5,2020-05-22,VA,HIP REPLACEMENT
65+,9,11,2,2020-05-22,VA,HYSTEROSCOPY
65+,59,89,7,2020-05-22,VA,KNEE REPLACEMENT
65+,36,45,3,2020-05-22,VA,MASTECTOMY
65+,9,11,2,2020-05-22,VA,PROSTATECTOMY
18-29,17,20,4,2020-05-29,VA,CHOLECYSTECTOMY
18-29,238,293,158,2020-05-29,VA,COVID
18-29,4,4,2,2020-05-29,VA,CYSTOSCOPY
18-29,3,4,1,2020-05-29,VA,HYSTEROSCOPY
18-29,2,2,0,2020-05-29,VA,MASTECTOMY
30-39,4,5,2,2020-05-29,VA,CATARACT
30-39,31,43,4,2020-05-29,VA,CHOLECYSTECTOMY
30-39,270,440,225,2020-05-29,VA,COVID
30-39,6,7,2,2020-05-29,VA,CYSTOSCOPY
30-39,1,1,1,2020-05-29,VA,HIP REPLACEMENT
30-39,18,24,4,2020-05-29,VA,HYSTEROSCOPY
30-39,1,1,1,2020-05-29,VA,MASTECTOMY
40-49,5,11,4,2020-05-29,VA,CATARACT
40-49,25,30,6,2020-05-29,VA,CHOLECYSTECTOMY
40-49,384,636,294,2020-05-29,VA,COVID
40-49,13,13,4,2020-05-29,VA,CYSTOSCOPY
40-49,2,2,1,2020-05-29,VA,HIP REPLACEMENT
40-49,21,23,3,2020-05-29,VA,HYSTEROSCOPY
40-49,1,3,1,2020-05-29,VA,KNEE REPLACEMENT
40-49,11,13,1,2020-05-29,VA,MASTECTOMY
50-64,75,100,9,2020-05-29,VA,CATARACT
50-64,27,32,5,2020-05-29,VA,CHOLECYSTECTOMY
50-64,609,1250,307,2020-05-29,VA,COVID
50-64,56,62,8,2020-05-29,VA,CYSTOSCOPY
50-64,30,42,5,2020-05-29,VA,HIP REPLACEMENT
50-64,27,34,4,2020-05-29,VA,HYSTEROSCOPY
50-64,41,62,7,2020-05-29,VA,KNEE REPLACEMENT
50-64,24,26,3,2020-05-29,VA,MASTECTOMY
65+,261,359,13,2020-05-29,VA,CATARACT
65+,22,28,1,2020-05-29,VA,CHOLECYSTECTOMY
65+,690,1611,510,2020-05-29,VA,COVID
65+,132,139,8,2020-05-29,VA,CYSTOSCOPY
65+,37,49,3,2020-05-29,VA,HIP REPLACEMENT
65+,11,14,3,2020-05-29,VA,HYSTEROSCOPY
65+,42,62,5,2020-05-29,VA,KNEE REPLACEMENT
65+,17,23,2,2020-05-29,VA,MASTECTOMY
18-29,23,34,4,2020-06-05,VA,CHOLECYSTECTOMY
18-29,246,312,152,2020-06-05,VA,COVID
18-29,8,9,4,2020-06-05,VA,CYSTOSCOPY
18-29,7,7,3,2020-06-05,VA,HYSTEROSCOPY
18-29,6,6,2,2020-06-05,VA,MASTECTOMY
30-39,1,1,1,2020-06-05,VA,CATARACT
30-39,22,29,2,2020-06-05,VA,CHOLECYSTECTOMY
30-39,257,391,178,2020-06-05,VA,COVID
30-39,17,18,2,2020-06-05,VA,CYSTOSCOPY
30-39,2,2,1,2020-06-05,VA,HIP REPLACEMENT
30-39,25,28,4,2020-06-05,VA,HYSTEROSCOPY
30-39,2,2,2,2020-06-05,VA,MASTECTOMY
40-49,10,11,5,2020-06-05,VA,CATARACT
40-49,20,26,3,2020-06-05,VA,CHOLECYSTECTOMY
40-49,346,591,245,2020-06-05,VA,COVID
40-49,23,31,3,2020-06-05,VA,CYSTOSCOPY
40-49,4,4,1,2020-06-05,VA,HIP REPLACEMENT
40-49,14,16,2,2020-06-05,VA,HYSTEROSCOPY
40-49,5,9,3,2020-06-05,VA,KNEE REPLACEMENT
40-49,18,23,5,2020-06-05,VA,MASTECTOMY
50-64,106,148,11,2020-06-05,VA,CATARACT
50-64,38,48,3,2020-06-05,VA,CHOLECYSTECTOMY
50-64,656,1272,292,2020-06-05,VA,COVID
50-64,93,96,8,2020-06-05,VA,CYSTOSCOPY
50-64,46,67,4,2020-06-05,VA,HIP REPLACEMENT
50-64,32,42,5,2020-06-05,VA,HYSTEROSCOPY
50-64,45,70,7,2020-06-05,VA,KNEE REPLACEMENT
50-64,17,23,2,2020-06-05,VA,MASTECTOMY
50-64,9,12,2,2020-06-05,VA,PROSTATECTOMY
65+,336,459,14,2020-06-05,VA,CATARACT
65+,33,38,1,2020-06-05,VA,CHOLECYSTECTOMY
65+,864,1808,566,2020-06-05,VA,COVID
65+,173,185,7,2020-06-05,VA,CYSTOSCOPY
65+,37,45,3,2020-06-05,VA,HIP REPLACEMENT
65+,10,16,1,2020-06-05,VA,HYSTEROSCOPY
65+,71,95,3,2020-06-05,VA,KNEE REPLACEMENT
65+,25,36,2,2020-06-05,VA,MASTECTOMY
65+,11,13,2,2020-06-05,VA,PROSTATECTOMY
18-29,1,1,1,2020-06-12,VA,CATARACT
18-29,21,34,3,2020-06-12,VA,CHOLECYSTECTOMY
18-29,235,348,171,2020-06-12,VA,COVID
18-29,5,5,1,2020-06-12,VA,CYSTOSCOPY
18-29,12,14,6,2020-06-12,VA,HYSTEROSCOPY
18-29,1,1,1,2020-06-12,VA,MASTECTOMY
30-39,1,1,1,2020-06-12,VA,CATARACT
30-39,21,29,5,2020-06-12,VA,CHOLECYSTECTOMY
30-39,252,371,191,2020-06-12,VA,COVID
30-39,7,7,2,2020-06-12,VA,CYSTOSCOPY
30-39,2,3,2,2020-06-12,VA,HIP REPLACEMENT
30-39,26,31,8,2020-06-12,VA,HYSTEROSCOPY
30-39,2,2,0,2020-06-12,VA,MASTECTOMY
40-49,9,17,9,2020-06-12,VA,CATARACT
40-49,42,55,6,2020-06-12,VA,CHOLECYSTECTOMY
40-49,314,531,254,2020-06-12,VA,COVID
40-49,17,20,2,2020-06-12,VA,CYSTOSCOPY
40-49,6,12,4,2020-06-12,VA,HIP REPLACEMENT
40-49,27,33,6,2020-06-12,VA,HYSTEROSCOPY
40-49,9,19,5,2020-06-12,VA,KNEE REPLACEMENT
40-49,12,12,2,2020-06-12,VA,MASTECTOMY
50-64,114,162,14,2020-06-12,VA,CATARACT
50-64,42,48,3,2020-06-12,VA,CHOLECYSTECTOMY
50-64,563,1097,253,2020-06-12,VA,COVID
50-64,73,81,8,2020-06-12,VA,CYSTOSCOPY
50-64,41,52,8,2020-06-12,VA,HIP REPLACEMENT
50-64,35,47,7,2020-06-12,VA,HYSTEROSCOPY
50-64,61,85,10,2020-06-12,VA,KNEE REPLACEMENT
50-64,19,24,3,2020-06-12,VA,MASTECTOMY
50-64,10,13,4,2020-06-12,VA,PROSTATECTOMY
65+,337,483,16,2020-06-12,VA,CATARACT
65+,39,54,2,2020-06-12,VA,CHOLECYSTECTOMY
65+,586,1259,424,2020-06-12,VA,COVID
65+,168,173,8,2020-06-12,VA,CYSTOSCOPY
65+,49,69,7,2020-06-12,VA,HIP REPLACEMENT
65+,9,10,3,2020-06-12,VA,HYSTEROSCOPY
65+,83,117,7,2020-06-12,VA,KNEE REPLACEMENT
65+,18,34,1,2020-06-12,VA,MASTECTOMY
65+,5,5,2,2020-06-12,VA,PROSTATECTOMY
18-29,2,3,2,2020-06-19,VA,CATARACT
18-29,23,27,3,2020-06-19,VA,CHOLECYSTECTOMY
18-29,219,285,151,2020-06-19,VA,COVID
18-29,4,4,4,2020-06-19,VA,CYSTOSCOPY
18-29,1,1,1,2020-06-19,VA,HIP REPLACEMENT
18-29,4,5,1,2020-06-19,VA,HYSTEROSCOPY
18-29,4,5,1,2020-06-19,VA,MASTECTOMY
30-39,28,37,4,2020-06-19,VA,CHOLECYSTECTOMY
30-39,217,350,185,2020-06-19,VA,COVID
30-39,7,7,3,2020-06-19,VA,CYSTOSCOPY
30-39,1,2,2,2020-06-19,VA,HIP REPLACEMENT
30-39,35,42,5,2020-06-19,VA,HYSTEROSCOPY
30-39,1,1,1,2020-06-19,VA,KNEE REPLACEMENT
30-39,2,2,2,2020-06-19,VA,MASTECTOMY
40-49,11,15,5,2020-06-19,VA,CATARACT
40-49,23,33,5,2020-06-19,VA,CHOLECYSTECTOMY
40-49,269,424,201,2020-06-19,VA,COVID
40-49,17,17,5,2020-06-19,VA,CYSTOSCOPY
40-49,3,3,1,2020-06-19,VA,HIP REPLACEMENT
40-49,29,34,8,2020-06-19,VA,HYSTEROSCOPY
40-49,5,6,4,2020-06-19,VA,KNEE REPLACEMENT
40-49,11,15,2,2020-06-19,VA,MASTECTOMY
50-64,127,174,13,2020-06-19,VA,CATARACT
50-64,34,46,4,2020-06-19,VA,CHOLECYSTECTOMY
50-64,467,880,213,2020-06-19,VA,COVID
50-64,63,67,7,2020-06-19,VA,CYSTOSCOPY
50-64,37,56,12,2020-06-19,VA,HIP REPLACEMENT
50-64,43,53,5,2020-06-19,VA,HYSTEROSCOPY
50-64,56,82,9,2020-06-19,VA,KNEE REPLACEMENT
50-64,24,27,4,2020-06-19,VA,MASTECTOMY
50-64,7,8,3,2020-06-19,VA,PROSTATECTOMY
65+,360,490,24,2020-06-19,VA,CATARACT
65+,38,46,3,2020-06-19,VA,CHOLECYSTECTOMY
65+,541,1189,428,2020-06-19,VA,COVID
65+,200,212,10,2020-06-19,VA,CYSTOSCOPY
65+,54,80,7,2020-06-19,VA,HIP REPLACEMENT
65+,12,13,4,2020-06-19,VA,HYSTEROSCOPY
65+,74,106,9,2020-06-19,VA,KNEE REPLACEMENT
65+,26,37,2,2020-06-19,VA,MASTECTOMY
65+,7,8,2,2020-06-19,VA,PROSTATECTOMY
18-29,2,2,1,2020-06-26,VA,CATARACT
18-29,18,23,6,2020-06-26,VA,CHOLECYSTECTOMY
18-29,284,372,177,2020-06-26,VA,COVID
18-29,5,5,2,2020-06-26,VA,CYSTOSCOPY
18-29,10,10,3,2020-06-26,VA,HYSTEROSCOPY
18-29,3,4,2,2020-06-26,VA,MASTECTOMY
30-39,2,3,2,2020-06-26,VA,CATARACT
30-39,29,40,6,2020-06-26,VA,CHOLECYSTECTOMY
30-39,241,378,198,2020-06-26,VA,COVID
30-39,7,9,2,2020-06-26,VA,CYSTOSCOPY
30-39,1,1,1,2020-06-26,VA,HIP REPLACEMENT
30-39,25,35,4,2020-06-26,VA,HYSTEROSCOPY
30-39,1,1,0,2020-06-26,VA,MASTECTOMY
40-49,10,16,3,2020-06-26,VA,CATARACT
40-49,21,25,4,2020-06-26,VA,CHOLECYSTECTOMY
40-49,240,392,196,2020-06-26,VA,COVID
40-49,16,18,4,2020-06-26,VA,CYSTOSCOPY
40-49,2,3,1,2020-06-26,VA,HIP REPLACEMENT
40-49,25,34,10,2020-06-26,VA,HYSTEROSCOPY
40-49,5,7,2,2020-06-26,VA,KNEE REPLACEMENT
40-49,11,13,2,2020-06-26,VA,MASTECTOMY
50-64,134,181,15,2020-06-26,VA,CATARACT
50-64,40,62,5,2020-06-26,VA,CHOLECYSTECTOMY
50-64,437,827,192,2020-06-26,VA,COVID
50-64,85,95,7,2020-06-26,VA,CYSTOSCOPY
50-64,39,55,7,2020-06-26,VA,HIP REPLACEMENT
50-64,28,35,8,2020-06-26,VA,HYSTEROSCOPY
50-64,70,98,10,2020-06-26,VA,KNEE REPLACEMENT
50-64,20,24,3,2020-06-26,VA,MASTECTOMY
50-64,13,18,3,2020-06-26,VA,PROSTATECTOMY
65+,1,2,2,2020-06-26,VA,CABG
65+,370,502,14,2020-06-26,VA,CATARACT
65+,24,32,3,2020-06-26,VA,CHOLECYSTECTOMY
65+,566,1225,440,2020-06-26,VA,COVID
65+,187,192,10,2020-06-26,VA,CYSTOSCOPY
65+,58,74,6,2020-06-26,VA,HIP REPLACEMENT
65+,12,12,3,2020-06-26,VA,HYSTEROSCOPY
65+,86,109,8,2020-06-26,VA,KNEE REPLACEMENT
65+,21,24,2,2020-06-26,VA,MASTECTOMY
65+,8,12,4,2020-06-26,VA,PROSTATECTOMY
18-29,19,29,4,2020-07-03,VA,CHOLECYSTECTOMY
18-29,265,339,193,2020-07-03,VA,COVID
18-29,7,7,1,2020-07-03,VA,CYSTOSCOPY
18-29,9,11,2,2020-07-03,VA,HYSTEROSCOPY
18-29,2,2,0,2020-07-03,VA,MASTECTOMY
30-39,2,2,2,2020-07-03,VA,CATARACT
30-39,23,29,2,2020-07-03,VA,CHOLECYSTECTOMY
30-39,233,390,215,2020-07-03,VA,COVID
30-39,11,12,2,2020-07-03,VA,CYSTOSCOPY
30-39,3,4,2,2020-07-03,VA,HIP REPLACEMENT
30-39,20,25,3,2020-07-03,VA,HYSTEROSCOPY
30-39,1,1,1,2020-07-03,VA,KNEE REPLACEMENT
30-39,2,2,2,2020-07-03,VA,MASTECTOMY
40-49,6,10,2,2020-07-03,VA,CATARACT
40-49,26,38,2,2020-07-03,VA,CHOLECYSTECTOMY
40-49,243,370,208,2020-07-03,VA,COVID
40-49,20,24,3,2020-07-03,VA,CYSTOSCOPY
40-49,7,12,2,2020-07-03,VA,HIP REPLACEMENT
40-49,35,37,3,2020-07-03,VA,HYSTEROSCOPY
40-49,4,5,1,2020-07-03,VA,KNEE REPLACEMENT
40-49,19,20,2,2020-07-03,VA,MASTECTOMY
50-64,2,2,1,2020-07-03,VA,CABG
50-64,113,142,6,2020-07-03,VA,CATARACT
50-64,48,68,3,2020-07-03,VA,CHOLECYSTECTOMY
50-64,488,902,232,2020-07-03,VA,COVID
50-64,89,94,7,2020-07-03,VA,CYSTOSCOPY
50-64,46,68,5,2020-07-03,VA,HIP REPLACEMENT
50-64,31,43,4,2020-07-03,VA,HYSTEROSCOPY
50-64,53,82,5,2020-07-03,VA,KNEE REPLACEMENT
50-64,17,24,3,2020-07-03,VA,MASTECTOMY
50-64,5,11,1,2020-07-03,VA,PROSTATECTOMY
65+,2,5,1,2020-07-03,VA,CABG
65+,368,477,10,2020-07-03,VA,CATARACT
65+,23,28,1,2020-07-03,VA,CHOLECYSTECTOMY
65+,728,1452,527,2020-07-03,VA,COVID
65+,179,190,6,2020-07-03,VA,CYSTOSCOPY
65+,46,62,3,2020-07-03,VA,HIP REPLACEMENT
65+,12,20,2,2020-07-03,VA,HYSTEROSCOPY
65+,82,113,3,2020-07-03,VA,KNEE REPLACEMENT
65+,21,27,1,2020-07-03,VA,MASTECTOMY
65+,3,3,1,2020-07-03,VA,PROSTATECTOMY
18-29,2,3,1,2020-07-10,VA,CATARACT
18-29,15,20,7,2020-07-10,VA,CHOLECYSTECTOMY
18-29,325,432,250,2020-07-10,VA,COVID
18-29,7,7,3,2020-07-10,VA,CYSTOSCOPY
18-29,6,8,3,2020-07-10,VA,HYSTEROSCOPY
30-39,2,2,2,2020-07-10,VA,CATARACT
30-39,28,37,4,2020-07-10,VA,CHOLECYSTECTOMY
30-39,317,458,270,2020-07-10,VA,COVID
30-39,4,5,4,2020-07-10,VA,CYSTOSCOPY
30-39,2,2,2,2020-07-10,VA,HIP REPLACEMENT
30-39,19,23,6,2020-07-10,VA,HYSTEROSCOPY
30-39,2,2,1,2020-07-10,VA,KNEE REPLACEMENT
30-39,5,6,1,2020-07-10,VA,MASTECTOMY
40-49,1,2,1,2020-07-10,VA,CABG
40-49,4,4,4,2020-07-10,VA,CATARACT
40-49,16,21,3,2020-07-10,VA,CHOLECYSTECTOMY
40-49,275,510,262,2020-07-10,VA,COVID
40-49,16,19,4,2020-07-10,VA,CYSTOSCOPY
40-49,2,4,3,2020-07-10,VA,HIP REPLACEMENT
40-49,23,26,5,2020-07-10,VA,HYSTEROSCOPY
40-49,2,2,2,2020-07-10,VA,KNEE REPLACEMENT
40-49,9,11,4,2020-07-10,VA,MASTECTOMY
50-64,1,2,1,2020-07-10,VA,CABG
50-64,91,114,10,2020-07-10,VA,CATARACT
50-64,23,28,4,2020-07-10,VA,CHOLECYSTECTOMY
50-64,523,1046,263,2020-07-10,VA,COVID
50-64,65,70,7,2020-07-10,VA,CYSTOSCOPY
50-64,41,54,5,2020-07-10,VA,HIP REPLACEMENT
50-64,18,22,5,2020-07-10,VA,HYSTEROSCOPY
50-64,50,79,7,2020-07-10,VA,KNEE REPLACEMENT
50-64,17,25,3,2020-07-10,VA,MASTECTOMY
50-64,7,7,1,2020-07-10,VA,PROSTATECTOMY
65+,2,3,1,2020-07-10,VA,CABG
65+,352,460,14,2020-07-10,VA,CATARACT
65+,17,21,1,2020-07-10,VA,CHOLECYSTECTOMY
65+,519,1257,478,2020-07-10,VA,COVID
65+,173,184,11,2020-07-10,VA,CYSTOSCOPY
65+,44,62,6,2020-07-10,VA,HIP REPLACEMENT
65+,7,10,2,2020-07-10,VA,HYSTEROSCOPY
65+,92,132,12,2020-07-10,VA,KNEE REPLACEMENT
65+,23,27,2,2020-07-10,VA,MASTECTOMY
65+,7,7,2,2020-07-10,VA,PROSTATECTOMY
18-29,1,1,1,2020-07-17,VA,CATARACT
18-29,16,22,4,2020-07-17,VA,CHOLECYSTECTOMY
18-29,347,443,233,2020-07-17,VA,COVID
18-29,7,8,1,2020-07-17,VA,CYSTOSCOPY
18-29,2,3,2,2020-07-17,VA,HYSTEROSCOPY
18-29,1,1,1,2020-07-17,VA,MASTECTOMY
30-39,3,4,3,2020-07-17,VA,CATARACT
30-39,23,30,5,2020-07-17,VA,CHOLECYSTECTOMY
30-39,290,406,240,2020-07-17,VA,COVID
30-39,10,12,2,2020-07-17,VA,CYSTOSCOPY
30-39,1,2,2,2020-07-17,VA,HIP REPLACEMENT
30-39,29,34,6,2020-07-17,VA,HYSTEROSCOPY
30-39,1,1,1,2020-07-17,VA,KNEE REPLACEMENT
30-39,3,3,1,2020-07-17,VA,MASTECTOMY
40-49,14,16,6,2020-07-17,VA,CATARACT
40-49,19,25,2,2020-07-17,VA,CHOLECYSTECTOMY
40-49,280,473,267,2020-07-17,VA,COVID
40-49,14,16,6,2020-07-17,VA,CYSTOSCOPY
40-49,4,7,5,2020-07-17,VA,HIP REPLACEMENT
40-49,22,26,5,2020-07-17,VA,HYSTEROSCOPY
40-49,7,12,4,2020-07-17,VA,KNEE REPLACEMENT
40-49,7,9,1,2020-07-17,VA,MASTECTOMY
40-49,1,1,1,2020-07-17,VA,PROSTATECTOMY
50-64,1,1,1,2020-07-17,VA,CABG
50-64,124,160,12,2020-07-17,VA,CATARACT
50-64,45,53,6,2020-07-17,VA,CHOLECYSTECTOMY
50-64,532,1166,278,2020-07-17,VA,COVID
50-64,75,83,8,2020-07-17,VA,CYSTOSCOPY
50-64,34,54,7,2020-07-17,VA,HIP REPLACEMENT
50-64,44,54,7,2020-07-17,VA,HYSTEROSCOPY
50-64,59,95,8,2020-07-17,VA,KNEE REPLACEMENT
50-64,26,36,3,2020-07-17,VA,MASTECTOMY
50-64,11,15,2,2020-07-17,VA,PROSTATECTOMY
65+,1,1,1,2020-07-17,VA,CABG
65+,384,495,19,2020-07-17,VA,CATARACT
65+,31,35,2,2020-07-17,VA,CHOLECYSTECTOMY
65+,629,1640,584,2020-07-17,VA,COVID
65+,166,176,8,2020-07-17,VA,CYSTOSCOPY
65+,48,65,5,2020-07-17,VA,HIP REPLACEMENT
65+,18,25,9,2020-07-17,VA,HYSTEROSCOPY
65+,79,104,5,2020-07-17,VA,KNEE REPLACEMENT
65+,22,23,1,2020-07-17,VA,MASTECTOMY
65+,3,5,1,2020-07-17,VA,PROSTATECTOMY
18-29,17,25,3,2020-07-24,VA,CHOLECYSTECTOMY
18-29,324,452,237,2020-07-24,VA,COVID
18-29,8,9,2,2020-07-24,VA,CYSTOSCOPY
18-29,11,15,5,2020-07-24,VA,HYSTEROSCOPY
18-29,2,3,2,2020-07-24,VA,MASTECTOMY
30-39,2,3,2,2020-07-24,VA,CATARACT
30-39,26,38,3,2020-07-24,VA,CHOLECYSTECTOMY
30-39,314,486,253,2020-07-24,VA,COVID
30-39,11,11,5,2020-07-24,VA,CYSTOSCOPY
30-39,2,2,1,2020-07-24,VA,HIP REPLACEMENT
30-39,28,34,6,2020-07-24,VA,HYSTEROSCOPY
30-39,1,1,1,2020-07-24,VA,MASTECTOMY
40-49,8,14,8,2020-07-24,VA,CATARACT
40-49,28,38,10,2020-07-24,VA,CHOLECYSTECTOMY
40-49,317,545,287,2020-07-24,VA,COVID
40-49,8,8,2,2020-07-24,VA,CYSTOSCOPY
40-49,6,10,5,2020-07-24,VA,HIP REPLACEMENT
40-49,23,28,7,2020-07-24,VA,HYSTEROSCOPY
40-49,4,7,2,2020-07-24,VA,KNEE REPLACEMENT
40-49,6,7,2,2020-07-24,VA,MASTECTOMY
40-49,1,1,1,2020-07-24,VA,PROSTATECTOMY
50-64,137,181,13,2020-07-24,VA,CATARACT
50-64,33,39,3,2020-07-24,VA,CHOLECYSTECTOMY
50-64,566,1225,287,2020-07-24,VA,COVID
50-64,72,76,11,2020-07-24,VA,CYSTOSCOPY
50-64,41,56,9,2020-07-24,VA,HIP REPLACEMENT
50-64,42,57,5,2020-07-24,VA,HYSTEROSCOPY
50-64,44,64,5,2020-07-24,VA,KNEE REPLACEMENT
50-64,21,28,3,2020-07-24,VA,MASTECTOMY
50-64,11,14,4,2020-07-24,VA,PROSTATECTOMY
65+,2,4,1,2020-07-24,VA,CABG
65+,388,506,19,2020-07-24,VA,CATARACT
65+,35,43,3,2020-07-24,VA,CHOLECYSTECTOMY
65+,662,1745,587,2020-07-24,VA,COVID
65+,180,187,10,2020-07-24,VA,CYSTOSCOPY
65+,53,73,6,2020-07-24,VA,HIP REPLACEMENT
65+,12,16,4,2020-07-24,VA,HYSTEROSCOPY
65+,75,114,12,2020-07-24,VA,KNEE REPLACEMENT
65+,28,41,3,2020-07-24,VA,MASTECTOMY
65+,4,6,3,2020-07-24,VA,PROSTATECTOMY
18-29,19,23,3,2020-07-31,VA,CHOLECYSTECTOMY
18-29,304,454,243,2020-07-31,VA,COVID
18-29,8,8,4,2020-07-31,VA,CYSTOSCOPY
18-29,1,2,1,2020-07-31,VA,HIP REPLACEMENT
18-29,6,7,2,2020-07-31,VA,HYSTEROSCOPY
18-29,2,2,2,2020-07-31,VA,MASTECTOMY
30-39,1,1,1,2020-07-31,VA,CATARACT
30-39,30,40,3,2020-07-31,VA,CHOLECYSTECTOMY
30-39,290,449,252,2020-07-31,VA,COVID
30-39,11,11,3,2020-07-31,VA,CYSTOSCOPY
30-39,3,5,3,2020-07-31,VA,HIP REPLACEMENT
30-39,23,24,6,2020-07-31,VA,HYSTEROSCOPY
30-39,3,3,0,2020-07-31,VA,MASTECTOMY
40-49,7,11,5,2020-07-31,VA,CATARACT
40-49,19,23,4,2020-07-31,VA,CHOLECYSTECTOMY
40-49,307,557,310,2020-07-31,VA,COVID
40-49,15,15,7,2020-07-31,VA,CYSTOSCOPY
40-49,7,11,2,2020-07-31,VA,HIP REPLACEMENT
40-49,25,29,8,2020-07-31,VA,HYSTEROSCOPY
40-49,9,13,4,2020-07-31,VA,KNEE REPLACEMENT
40-49,15,19,5,2020-07-31,VA,MASTECTOMY
40-49,1,2,1,2020-07-31,VA,PROSTATECTOMY
50-64,110,153,11,2020-07-31,VA,CATARACT
50-64,35,43,5,2020-07-31,VA,CHOLECYSTECTOMY
50-64,597,1365,323,2020-07-31,VA,COVID
50-64,87,92,9,2020-07-31,VA,CYSTOSCOPY
50-64,37,59,10,2020-07-31,VA,HIP REPLACEMENT
50-64,32,43,5,2020-07-31,VA,HYSTEROSCOPY
50-64,49,73,10,2020-07-31,VA,KNEE REPLACEMENT
50-64,21,25,3,2020-07-31,VA,MASTECTOMY
50-64,11,14,3,2020-07-31,VA,PROSTATECTOMY
65+,3,5,1,2020-07-31,VA,CABG
65+,348,463,12,2020-07-31,VA,CATARACT
65+,37,41,2,2020-07-31,VA,CHOLECYSTECTOMY
65+,729,1905,617,2020-07-31,VA,COVID
65+,184,193,11,2020-07-31,VA,CYSTOSCOPY
65+,51,66,6,2020-07-31,VA,HIP REPLACEMENT
65+,12,16,3,2020-07-31,VA,HYSTEROSCOPY
65+,68,94,6,2020-07-31,VA,KNEE REPLACEMENT
65+,29,36,2,2020-07-31,VA,MASTECTOMY
65+,5,5,1,2020-07-31,VA,PROSTATECTOMY
18-29,15,19,2,2020-08-07,VA,CHOLECYSTECTOMY
18-29,337,452,269,2020-08-07,VA,COVID
18-29,5,5,1,2020-08-07,VA,CYSTOSCOPY
18-29,1,1,1,2020-08-07,VA,HIP REPLACEMENT
18-29,9,10,2,2020-08-07,VA,HYSTEROSCOPY
18-29,1,1,1,2020-08-07,VA,MASTECTOMY
30-39,21,29,3,2020-08-07,VA,CHOLECYSTECTOMY
30-39,283,423,260,2020-08-07,VA,COVID
30-39,7,9,1,2020-08-07,VA,CYSTOSCOPY
30-39,2,4,0,2020-08-07,VA,HIP REPLACEMENT
30-39,24,27,3,2020-08-07,VA,HYSTEROSCOPY
30-39,3,3,0,2020-08-07,VA,MASTECTOMY
40-49,8,12,8,2020-08-07,VA,CATARACT
40-49,26,33,3,2020-08-07,VA,CHOLECYSTECTOMY
40-49,278,460,273,2020-08-07,VA,COVID
40-49,13,13,2,2020-08-07,VA,CYSTOSCOPY
40-49,4,7,2,2020-08-07,VA,HIP REPLACEMENT
40-49,23,31,4,2020-08-07,VA,HYSTEROSCOPY
40-49,2,3,3,2020-08-07,VA,KNEE REPLACEMENT
40-49,11,12,1,2020-08-07,VA,MASTECTOMY
50-64,118,164,10,2020-08-07,VA,CATARACT
50-64,42,53,3,2020-08-07,VA,CHOLECYSTECTOMY
50-64,664,1510,339,2020-08-07,VA,COVID
50-64,70,73,8,2020-08-07,VA,CYSTOSCOPY
50-64,22,34,4,2020-08-07,VA,HIP REPLACEMENT
50-64,39,47,4,2020-08-07,VA,HYSTEROSCOPY
50-64,48,72,6,2020-08-07,VA,KNEE REPLACEMENT
50-64,15,19,3,2020-08-07,VA,MASTECTOMY
50-64,8,10,2,2020-08-07,VA,PROSTATECTOMY
65+,319,425,11,2020-08-07,VA,CATARACT
65+,32,42,2,2020-08-07,VA,CHOLECYSTECTOMY
65+,940,2303,686,2020-08-07,VA,COVID
65+,164,174,6,2020-08-07,VA,CYSTOSCOPY
65+,45,64,4,2020-08-07,VA,HIP REPLACEMENT
65+,14,20,3,2020-08-07,VA,HYSTEROSCOPY
65+,93,126,7,2020-08-07,VA,KNEE REPLACEMENT
65+,29,40,2,2020-08-07,VA,MASTECTOMY
65+,4,5,1,2020-08-07,VA,PROSTATECTOMY
18-29,264,367,220,2020-08-14,VA,COVID
30-39,245,358,233,2020-08-14,VA,COVID
40-49,318,496,289,2020-08-14,VA,COVID
50-64,593,1346,310,2020-08-14,VA,COVID
65+,702,2012,626,2020-08-14,VA,COVID
18-29,252,346,209,2020-08-21,VA,COVID
30-39,232,378,218,2020-08-21,VA,COVID
40-49,250,439,242,2020-08-21,VA,COVID
50-64,606,1367,323,2020-08-21,VA,COVID
65+,739,2034,670,2020-08-21,VA,COVID
18-29,288,378,216,2020-08-28,VA,COVID
30-39,205,314,183,2020-08-28,VA,COVID
40-49,256,417,239,2020-08-28,VA,COVID
50-64,561,1205,294,2020-08-28,VA,COVID
65+,703,1768,628,2020-08-28,VA,COVID
18-29,276,361,205,2020-09-04,VA,COVID
30-39,208,279,182,2020-09-04,VA,COVID
40-49,228,355,214,2020-09-04,VA,COVID
50-64,583,1274,314,2020-09-04,VA,COVID
65+,903,2048,682,2020-09-04,VA,COVID
18-29,237,317,176,2020-09-11,VA,COVID
30-39,194,253,157,2020-09-11,VA,COVID
40-49,199,302,173,2020-09-11,VA,COVID
50-64,528,1133,283,2020-09-11,VA,COVID
65+,661,1784,597,2020-09-11,VA,COVID
18-29,220,294,171,2020-09-18,VA,COVID
30-39,197,251,154,2020-09-18,VA,COVID
40-49,229,348,208,2020-09-18,VA,COVID
50-64,542,1081,276,2020-09-18,VA,COVID
65+,684,1679,575,2020-09-18,VA,COVID
18-29,204,254,155,2020-09-25,VA,COVID
30-39,179,240,136,2020-09-25,VA,COVID
40-49,221,342,194,2020-09-25,VA,COVID
50-64,480,925,246,2020-09-25,VA,COVID
65+,629,1511,544,2020-09-25,VA,COVID
18-29,160,196,99,2020-10-02,VA,COVID
30-39,163,215,121,2020-10-02,VA,COVID
40-49,156,231,136,2020-10-02,VA,COVID
50-64,344,564,168,2020-10-02,VA,COVID
65+,478,979,390,2020-10-02,VA,COVID
